Driver,Team,Primary_Sponsor,Avg_Finish,Best_Finish,Finish_StdDev,Races_Started,Total_Laps_Led,Avg_Laps_Led_Per_Race,Top_5_Finishes,Top_10_Finishes,Wins,Top_5_Rate,Top_10_Rate
A.J. Allmendinger,Kaulig Racing,Other/Unknown,20.06,6,12.29,17,38,2.24,0,5,0,0.0,29.4
Alex Bowman,Hendrick Motorsports,Ally,14.43,1,10.63,37,67,1.81,9,18,1,24.3,48.6
Anthony Alfredo,Beard Motorsports,Other/Unknown,19.0,6,9.27,4,4,1.0,0,1,0,0.0,25.0
Austin Cindric,Team Penske,Discount Tire,19.43,1,10.02,37,256,6.92,5,8,1,13.5,21.6
Austin Dillon,Richard Childress Racing,Dow,22.43,1,9.27,37,36,0.97,1,5,1,2.7,13.5
Austin Hill,Richard Childress Racing,Other/Unknown,31.75,25,5.38,4,1,0.25,0,0,0,0.0,0.0
B.J. Mcleod,Live Fast Motorsports,Other/Unknown,22.67,14,6.06,6,7,1.17,0,0,0,0.0,0.0
B.J. Mcleod,MBM Motorsports,Other/Unknown,38.0,37,1.41,2,0,0.0,0,0,0,0.0,0.0
Brad Keselowski,RFK Racing,Dewalt,15.38,1,10.67,37,318,8.59,9,15,1,24.3,40.5
Bubba Wallace,23XI Racing,McDonald's,15.16,3,9.53,37,160,4.32,6,14,0,16.2,37.8
Cameron Waters,RFK Racing,Other/Unknown,35.0,35,,1,0,0.0,0,0,0,0.0,0.0
Carson Hocevar,Spire Motorsports,Other/Unknown,17.92,3,8.05,37,16,0.43,2,7,0,5.4,18.9
Chad Finchum,MBM Motorsports,Other/Unknown,37.0,36,1.0,3,0,0.0,0,0,0,0.0,0.0
Chase Briscoe,Stewart-Haas Racing,Magical Vacation Planner,18.54,1,10.05,37,43,1.16,3,10,1,8.1,27.0
Chase Elliott,Hendrick Motorsports,NAPA Auto Parts,11.46,1,8.54,37,431,11.65,12,20,1,32.4,54.1
Chris Buescher,RFK Racing,Fastenal,14.19,1,9.13,37,208,5.62,6,16,1,16.2,43.2
Christopher Bell,Joe Gibbs Racing,Rheem,12.49,1,12.97,37,1146,30.97,16,24,4,43.2,64.9
Cody Ware,Rick Ware Racing,Other/Unknown,21.0,4,8.93,9,1,0.11,1,1,0,11.1,11.1
Corey Heim,23XI Racing,Other/Unknown,29.0,29,,1,0,0.0,0,0,0,0.0,0.0
Corey Heim,Legacy Motor Club,Other/Unknown,23.5,22,2.12,2,0,0.0,0,0,0,0.0,0.0
Corey Lajoie,Rick Ware Racing,Other/Unknown,26.57,14,10.37,7,5,0.71,1,3,0,14.3,42.9
Corey Lajoie,Spire Motorsports,Other/Unknown,22.77,4,9.32,30,41,1.37,1,3,0,3.3,10.0
Daniel Hemric,Kaulig Racing,Other/Unknown,22.92,9,8.06,37,15,0.41,0,4,0,0.0,10.8
Daniel Suarez,Trackhouse Racing,Freeway Insurance,17.54,1,9.56,37,211,5.7,4,10,1,10.8,27.0
David Ragan,RFK Racing,Other/Unknown,17.5,15,3.54,2,2,1.0,0,0,0,0.0,0.0
David Starr,MBM Motorsports,Other/Unknown,37.0,37,,1,0,0.0,0,0,0,0.0,0.0
Denny Hamlin,Joe Gibbs Racing,FedEx,13.59,1,11.61,37,948,25.62,13,19,3,35.1,51.4
Derek Kraus,Kaulig Racing,Other/Unknown,29.67,25,3.33,6,8,1.33,0,0,0,0.0,0.0
Erik Jones,Legacy Motor Club,Other/Unknown,22.4,5,8.59,35,5,0.14,2,3,0,5.7,8.6
Harrison Burton,Wood Brothers Racing,Other/Unknown,25.16,1,9.3,37,14,0.38,2,3,1,5.4,8.1
J.J. Yeley,NY Racing Team,Other/Unknown,31.67,16,7.97,9,1,0.11,0,0,0,0.0,0.0
Jeb Burton,Team AmeriVet,Other/Unknown,38.0,38,,1,0,0.0,0,0,0,0.0,0.0
Jimmie Johnson,Legacy Motor Club,Other/Unknown,28.7,12,7.04,10,0,0.0,0,0,0,0.0,0.0
Joey Gase,NY Racing Team,Other/Unknown,20.0,20,,1,0,0.0,0,0,0,0.0,0.0
Joey Hand,RFK Racing,Other/Unknown,4.0,4,,1,7,7.0,1,1,0,100.0,100.0
Joey Logano,Team Penske,Shell/Pennzoil,16.84,1,11.47,37,415,11.22,7,14,4,18.9,37.8
John Hunter Nemechek,Legacy Motor Club,Other/Unknown,24.84,4,8.96,37,36,0.97,1,5,0,2.7,13.5
Josh Berry,Stewart-Haas Racing,Other/Unknown,22.57,3,9.83,37,96,2.59,2,4,0,5.4,10.8
Josh Bilicki,MBM Motorsports,Other/Unknown,32.0,28,4.24,4,0,0.0,0,0,0,0.0,0.0
Josh Williams,Kaulig Racing,Other/Unknown,32.0,27,7.07,2,0,0.0,0,0,0,0.0,0.0
Juan Pablo Montoya,23XI Racing,Other/Unknown,32.0,32,,1,0,0.0,0,0,0,0.0,0.0
Justin Allgaier,Hendrick Motorsports,Other/Unknown,13.0,13,,1,0,0.0,0,0,0,0.0,0.0
Justin Haley,Rick Ware Racing,Other/Unknown,22.63,9,7.96,30,25,0.83,0,4,0,0.0,13.3
Justin Haley,Spire Motorsports,Other/Unknown,24.86,7,9.65,7,5,0.71,0,4,0,0.0,57.1
Kamui Kobayashi,23XI Racing,Other/Unknown,29.0,29,,1,0,0.0,0,0,0,0.0,0.0
Kaz Grala,Front Row Motorsports,Other/Unknown,25.0,12,18.38,2,0,0.0,0,0,0,0.0,0.0
Kaz Grala,Rick Ware Racing,Other/Unknown,28.13,14,5.88,23,0,0.0,0,0,0,0.0,0.0
Kyle Busch,Richard Childress Racing,Cheddar's Scratch Kitchen,18.32,2,10.17,37,230,6.22,5,10,0,13.5,27.0
Kyle Larson,Hendrick Motorsports,HendrickCars.com,12.81,1,12.07,36,1720,47.78,15,19,6,41.7,52.8
"Martin Truex, Jr.",Joe Gibbs Racing,Other/Unknown,17.3,2,10.3,37,569,15.38,5,11,0,13.5,29.7
Michael Mcdowell,Front Row Motorsports,Love's Travel Stops,21.16,2,10.31,37,273,7.38,2,7,0,5.4,18.9
Noah Gragson,Stewart-Haas Racing,Bass Pro Shops,19.59,3,10.34,37,13,0.35,1,7,0,2.7,18.9
Parker Retzlaff,Beard Motorsports,Other/Unknown,7.0,7,,1,0,0.0,0,1,0,0.0,100.0
Parker Retzlaff,MBM Motorsports,Other/Unknown,35.0,35,,1,0,0.0,0,1,0,0.0,100.0
"Ricky Stenhouse, Jr.",JTG Daugherty Racing,Other/Unknown,22.0,1,10.23,37,43,1.16,3,6,1,8.1,16.2
Riley Herbst,Rick Ware Racing,Other/Unknown,29.8,20,7.4,5,7,1.4,0,0,0,0.0,0.0
Ross Chastain,Trackhouse Racing,Busch Light,14.84,1,10.04,37,311,8.41,6,14,1,16.2,37.8
Ryan Blaney,Team Penske,Menards,15.3,1,13.02,37,568,15.35,12,18,3,32.4,48.6
Ryan Preece,Stewart-Haas Racing,Sunseeker Resorts,20.68,4,9.32,37,2,0.05,1,5,0,2.7,13.5
Shane Van Gisbergen,Kaulig Racing,Other/Unknown,22.83,2,11.68,12,49,4.08,1,2,0,8.3,16.7
Timmy Hill,MBM Motorsports,Other/Unknown,35.5,35,0.71,2,0,0.0,0,0,0,0.0,0.0
Todd Gilliland,Front Row Motorsports,Craftsman,20.76,6,8.13,37,131,3.54,0,4,0,0.0,10.8
Ty Dillon,Kaulig Racing,Other/Unknown,22.4,16,5.13,5,0,0.0,0,0,0,0.0,0.0
Ty Dillon,Richard Childress Racing,Other/Unknown,19.0,19,,1,0,0.0,0,0,0,0.0,0.0
Ty Dillon,Team AmeriVet,Other/Unknown,36.0,36,,1,0,0.0,0,0,0,0.0,0.0
Ty Gibbs,Joe Gibbs Racing,Monster Energy,17.16,2,11.1,37,417,11.27,8,13,0,21.6,35.1
Tyler Reddick,23XI Racing,Jordan Brand,12.86,1,11.37,37,598,16.16,13,22,4,35.1,59.5
William Brown,Richard Childress Racing,Other/Unknown,31.0,31,,1,0,0.0,0,0,0,0.0,0.0
William Byron,Hendrick Motorsports,Liberty University,12.81,1,11.59,37,362,9.78,13,22,3,35.1,59.5
Zane Smith,Spire Motorsports,Other/Unknown,22.73,2,9.81,37,6,0.16,2,5,0,5.4,13.5
