Primary_Sponsor,Avg_Finish,Best_Finish,Finish_StdDev,Total_Laps_Led,Avg_Laps_Led,Num_Drivers,Total_Race_Entries,Top_5_Rate,Top_10_Rate,Win_Rate
Ally,14.43,1,10.63,67,1.81,1,37,24.3,48.6,2.7
Bass Pro Shops,19.59,3,10.34,13,0.35,1,37,2.7,18.9,0.0
Busch Light,14.84,1,10.04,311,8.41,1,37,16.2,37.8,2.7
Cheddar's Scratch Kitchen,18.32,2,10.17,230,6.22,1,37,13.5,27.0,0.0
Craftsman,20.76,6,8.13,131,3.54,1,37,0.0,10.8,0.0
Dewalt,15.38,1,10.67,318,8.59,1,37,24.3,40.5,2.7
Discount Tire,19.43,1,10.02,256,6.92,1,37,13.5,21.6,2.7
Dow,22.43,1,9.27,36,0.97,1,37,2.7,13.5,2.7
Fastenal,14.19,1,9.13,208,5.62,1,37,16.2,43.2,2.7
FedEx,13.59,1,11.61,948,25.62,1,37,35.1,51.4,8.1
Freeway Insurance,17.54,1,9.56,211,5.7,1,37,10.8,27.0,2.7
HendrickCars.com,12.81,1,12.07,1720,47.78,1,36,41.7,52.8,16.7
Jordan Brand,12.86,1,11.37,598,16.16,1,37,35.1,59.5,10.8
Liberty University,12.81,1,11.59,362,9.78,1,37,35.1,59.5,8.1
Love's Travel Stops,21.16,2,10.31,273,7.38,1,37,5.4,18.9,0.0
Magical Vacation Planner,18.54,1,10.05,43,1.16,1,37,8.1,27.0,2.7
McDonald's,15.16,3,9.53,160,4.32,1,37,16.2,37.8,0.0
Menards,15.3,1,13.02,568,15.35,1,37,32.4,48.6,8.1
Monster Energy,17.16,2,11.1,417,11.27,1,37,21.6,35.1,0.0
NAPA Auto Parts,11.46,1,8.54,431,11.65,1,37,32.4,54.1,2.7
Other/Unknown,23.26,1,9.55,1001,1.83,39,548,4.2,12.0,0.4
Rheem,12.49,1,12.97,1146,30.97,1,37,43.2,64.9,10.8
Shell/Pennzoil,16.84,1,11.47,415,11.22,1,37,18.9,37.8,10.8
Sunseeker Resorts,20.68,4,9.32,2,0.05,1,37,2.7,13.5,0.0
