race_number,race_name,race_date,sponsor,driver,team,finish_position,laps_led,reddit_mentions,reddit_total_score,reddit_avg_score,reddit_total_comments,reddit_engagement_per_mention,youtube_total_views,youtube_sponsor_videos,youtube_sponsor_views,youtube_sponsor_likes,youtube_view_share,news_total_mentions,news_primary_mentions,news_weighted_mentions,merge_key,is_win,is_playoff,finish_norm,laps_led_norm,reddit_norm,youtube_norm,news_norm,win_norm,playoff_norm,visibility_score
1,Daytona,2024-02-18,FedEx,Denny Hamlin,Joe Gibbs Racing,19,10,7.0,100.0,14.29,0.0,14.29,120760176.0,0.0,0.0,0.0,0.0,2.0,0.0,1.2,1_FedEx,0,0,51.35135135135135,6.134969325153374,22.58064516129032,0.0,60.0,0,0,35.372639213525815
1,Daytona,2024-02-18,Love's Travel Stops,Michael Mcdowell,Front Row Motorsports,36,6,7.0,0.0,0.0,0.0,0.0,120760176.0,0.0,0.0,0.0,0.0,2.0,2.0,1.2,1_Love's Travel Stops,0,0,5.405405405405405,3.6809815950920246,22.58064516129032,0.0,60.0,0,0,22.21329582105359
1,Daytona,2024-02-18,McDonald's,Bubba Wallace,23XI Racing,5,3,7.0,0.0,0.0,0.0,0.0,120760176.0,4.0,4240724.0,23200.0,3.5116908077378093,2.0,1.0,1.2,1_McDonald's,0,0,89.1891891891892,1.8404907975460123,22.58064516129032,100.0,60.0,0,0,55.45189638480753
1,Daytona,2024-02-18,NAPA Auto Parts,Chase Elliott,Hendrick Motorsports,14,13,7.0,0.0,0.0,0.0,0.0,120760176.0,0.0,0.0,0.0,0.0,2.0,1.0,1.2,1_NAPA Auto Parts,0,0,64.86486486486487,7.975460122699387,22.58064516129032,0.0,60.0,0,0,39.37728189301512
2,Atlanta,2024-02-25,FedEx,Denny Hamlin,Joe Gibbs Racing,23,15,8.0,0.0,0.0,0.0,0.0,13059968.0,0.0,0.0,0.0,0.0,1.0,0.0,0.6,2_FedEx,0,0,40.54054054054054,9.202453987730062,25.806451612903224,0.0,30.0,0,0,24.036290991169285
2,Atlanta,2024-02-25,Love's Travel Stops,Michael Mcdowell,Front Row Motorsports,8,27,8.0,0.0,0.0,0.0,0.0,13059968.0,0.0,0.0,0.0,0.0,1.0,0.0,0.6,2_Love's Travel Stops,0,0,81.08108108108108,16.56441717791411,25.806451612903224,0.0,30.0,0,0,36.27107792534272
2,Atlanta,2024-02-25,McDonald's,Bubba Wallace,23XI Racing,5,3,8.0,0.0,0.0,0.0,0.0,13059968.0,2.0,2120388.0,11600.0,16.2357825072772,0.0,0.0,0.0,2_McDonald's,0,0,89.1891891891892,1.8404907975460123,25.806451612903224,95.45790587427754,0.0,0,0,37.320267617396574
2,Atlanta,2024-02-25,NAPA Auto Parts,Chase Elliott,Hendrick Motorsports,15,0,8.0,0.0,0.0,0.0,0.0,13059968.0,0.0,0.0,0.0,0.0,1.0,0.0,0.6,2_NAPA Auto Parts,0,0,62.16216216216216,0.0,25.806451612903224,0.0,30.0,0,0,28.98605056669573
3,Las Vegas,2024-03-04,FedEx,Denny Hamlin,Joe Gibbs Racing,8,16,7.0,0.0,0.0,0.0,0.0,87750419.0,0.0,0.0,0.0,0.0,1.0,0.0,0.6,3_FedEx,0,0,81.08108108108108,9.815950920245399,22.58064516129032,0.0,30.0,0,0,35.13868132926118
3,Las Vegas,2024-03-04,Love's Travel Stops,Michael Mcdowell,Front Row Motorsports,25,4,7.0,0.0,0.0,0.0,0.0,87750419.0,0.0,0.0,0.0,0.0,1.0,1.0,0.6,3_Love's Travel Stops,0,0,35.13513513513514,2.4539877300613497,22.58064516129032,0.0,30.0,0,0,21.39038088157423
3,Las Vegas,2024-03-04,McDonald's,Bubba Wallace,23XI Racing,35,0,7.0,0.0,0.0,0.0,0.0,87750419.0,2.0,2120388.0,11600.0,2.4163850431301075,0.0,0.0,0.0,3_McDonald's,0,0,8.108108108108109,0.0,22.58064516129032,95.45790587427754,0.0,0,0,14.074125373827057
3,Las Vegas,2024-03-04,NAPA Auto Parts,Chase Elliott,Hendrick Motorsports,12,0,7.0,0.0,0.0,0.0,0.0,87750419.0,0.0,0.0,0.0,0.0,1.0,0.0,0.6,3_NAPA Auto Parts,0,0,70.27027027027027,0.0,22.58064516129032,0.0,30.0,0,0,30.93374019180471
4,Phoenix,2024-03-11,FedEx,Denny Hamlin,Joe Gibbs Racing,11,68,8.0,0.0,0.0,0.0,0.0,3685047.0,0.0,0.0,0.0,0.0,1.0,0.0,0.6,4_FedEx,0,0,72.97297297297297,41.717791411042946,25.806451612903224,0.0,30.0,0,0,37.0192125630479
4,Phoenix,2024-03-11,Love's Travel Stops,Michael Mcdowell,Front Row Motorsports,8,0,8.0,0.0,0.0,0.0,0.0,3685047.0,0.0,0.0,0.0,0.0,0.0,0.0,0.0,4_Love's Travel Stops,0,0,81.08108108108108,0.0,25.806451612903224,0.0,0.0,0,0,25.28334786399303
4,Phoenix,2024-03-11,McDonald's,Bubba Wallace,23XI Racing,16,0,8.0,0.0,0.0,0.0,0.0,3685047.0,0.0,0.0,0.0,0.0,0.0,0.0,0.0,4_McDonald's,0,0,59.45945945945946,0.0,25.806451612903224,0.0,0.0,0,0,19.229293809938973
4,Phoenix,2024-03-11,NAPA Auto Parts,Chase Elliott,Hendrick Motorsports,19,0,8.0,0.0,0.0,0.0,0.0,3685047.0,0.0,0.0,0.0,0.0,1.0,0.0,0.6,4_NAPA Auto Parts,0,0,51.35135135135135,0.0,25.806451612903224,0.0,30.0,0,0,25.959023539668703
5,Bristol,2024-03-19,FedEx,Denny Hamlin,Joe Gibbs Racing,1,163,8.0,0.0,0.0,0.0,0.0,10377970.0,0.0,0.0,0.0,0.0,1.0,0.0,0.6,5_FedEx,1,0,100.0,100.0,25.806451612903224,0.0,30.0,100,0,57.58064516129032
5,Bristol,2024-03-19,Love's Travel Stops,Michael Mcdowell,Front Row Motorsports,11,0,8.0,0.0,0.0,0.0,0.0,10377970.0,0.0,0.0,0.0,0.0,0.0,0.0,0.0,5_Love's Travel Stops,0,0,72.97297297297297,0.0,25.806451612903224,0.0,0.0,0,0,23.013077593722755
5,Bristol,2024-03-19,McDonald's,Bubba Wallace,23XI Racing,29,15,8.0,0.0,0.0,0.0,0.0,10377970.0,0.0,0.0,0.0,0.0,1.0,0.0,0.6,5_McDonald's,0,0,24.324324324324326,9.202453987730062,25.806451612903224,0.0,30.0,0,0,19.495750450628744
5,Bristol,2024-03-19,NAPA Auto Parts,Chase Elliott,Hendrick Motorsports,8,5,8.0,0.0,0.0,0.0,0.0,10377970.0,0.0,0.0,0.0,0.0,1.0,0.0,0.6,5_NAPA Auto Parts,0,0,81.08108108108108,3.067484662576687,25.806451612903224,0.0,30.0,0,0,34.65144602350223
6,COTA,2024-03-27,FedEx,Denny Hamlin,Joe Gibbs Racing,14,3,7.0,0.0,0.0,0.0,0.0,11244309.0,0.0,0.0,0.0,0.0,1.0,1.0,0.6,6_FedEx,0,0,64.86486486486487,1.8404907975460123,22.58064516129032,0.0,30.0,0,0,29.64108557399672
6,COTA,2024-03-27,Love's Travel Stops,Michael Mcdowell,Front Row Motorsports,38,0,7.0,0.0,0.0,0.0,0.0,11244309.0,0.0,0.0,0.0,0.0,0.0,0.0,0.0,6_Love's Travel Stops,0,0,0.0,0.0,22.58064516129032,0.0,0.0,0,0,2.258064516129032
6,COTA,2024-03-27,McDonald's,Bubba Wallace,23XI Racing,15,0,7.0,0.0,0.0,0.0,0.0,11244309.0,0.0,0.0,0.0,0.0,1.0,0.0,0.6,6_McDonald's,0,0,62.16216216216216,0.0,22.58064516129032,0.0,30.0,0,0,28.66346992153444
6,COTA,2024-03-27,NAPA Auto Parts,Chase Elliott,Hendrick Motorsports,16,0,7.0,0.0,0.0,0.0,0.0,11244309.0,0.0,0.0,0.0,0.0,1.0,0.0,0.6,6_NAPA Auto Parts,0,0,59.45945945945946,0.0,22.58064516129032,0.0,30.0,0,0,27.90671316477768
7,Richmond,2024-04-03,FedEx,Denny Hamlin,Joe Gibbs Racing,1,17,8.0,0.0,0.0,0.0,0.0,3544421.0,0.0,0.0,0.0,0.0,1.0,0.0,0.6,7_FedEx,1,0,100.0,10.429447852760736,25.806451612903224,0.0,30.0,100,0,46.83217890362161
7,Richmond,2024-04-03,Love's Travel Stops,Michael Mcdowell,Front Row Motorsports,26,0,8.0,0.0,0.0,0.0,0.0,3544421.0,0.0,0.0,0.0,0.0,0.0,0.0,0.0,7_Love's Travel Stops,0,0,32.432432432432435,0.0,25.806451612903224,0.0,0.0,0,0,11.661726242371405
7,Richmond,2024-04-03,McDonald's,Bubba Wallace,23XI Racing,13,2,8.0,0.0,0.0,0.0,0.0,3544421.0,0.0,0.0,0.0,0.0,0.0,0.0,0.0,7_McDonald's,0,0,67.56756756756756,1.2269938650306749,25.806451612903224,0.0,0.0,0,0,21.646803344012923
7,Richmond,2024-04-03,NAPA Auto Parts,Chase Elliott,Hendrick Motorsports,5,5,8.0,0.0,0.0,0.0,0.0,3544421.0,0.0,0.0,0.0,0.0,1.0,0.0,0.6,7_NAPA Auto Parts,0,0,89.1891891891892,3.067484662576687,25.806451612903224,0.0,30.0,0,0,36.9217162937725
8,Martinsville,2024-04-11,FedEx,Denny Hamlin,Joe Gibbs Racing,11,66,7.0,0.0,0.0,0.0,0.0,3881277.0,0.0,0.0,0.0,0.0,1.0,0.0,0.6,8_FedEx,0,0,72.97297297297297,40.49079754601227,22.58064516129032,0.0,30.0,0,0,36.549392654082936
8,Martinsville,2024-04-11,Love's Travel Stops,Michael Mcdowell,Front Row Motorsports,21,0,7.0,0.0,0.0,0.0,0.0,3881277.0,0.0,0.0,0.0,0.0,0.0,0.0,0.0,8_Love's Travel Stops,0,0,45.94594594594595,0.0,22.58064516129032,0.0,0.0,0,0,15.122929380993899
8,Martinsville,2024-04-11,McDonald's,Bubba Wallace,23XI Racing,4,0,7.0,0.0,0.0,0.0,0.0,3881277.0,0.0,0.0,0.0,0.0,0.0,0.0,0.0,8_McDonald's,0,0,91.8918918918919,0.0,22.58064516129032,0.0,0.0,0,0,27.987794245858765
8,Martinsville,2024-04-11,NAPA Auto Parts,Chase Elliott,Hendrick Motorsports,3,64,7.0,0.0,0.0,0.0,0.0,3881277.0,0.0,0.0,0.0,0.0,1.0,0.0,0.6,8_NAPA Auto Parts,0,0,94.5945945945946,39.263803680981596,22.58064516129032,0.0,30.0,0,0,42.456207444333316
9,Texas,2024-04-18,FedEx,Denny Hamlin,Joe Gibbs Racing,30,37,8.0,0.0,0.0,0.0,0.0,11059863.0,0.0,0.0,0.0,0.0,1.0,0.0,0.6,9_FedEx,0,0,21.62162162162162,22.699386503067483,25.806451612903224,0.0,30.0,0,0,20.35862559571248
9,Texas,2024-04-18,Love's Travel Stops,Michael Mcdowell,Front Row Motorsports,35,0,8.0,0.0,0.0,0.0,0.0,11059863.0,0.0,0.0,0.0,0.0,1.0,1.0,0.6,9_Love's Travel Stops,0,0,8.108108108108109,0.0,25.806451612903224,0.0,30.0,0,0,13.850915431560592
9,Texas,2024-04-18,McDonald's,Bubba Wallace,23XI Racing,7,5,8.0,0.0,0.0,0.0,0.0,11059863.0,1.0,1060194.0,5800.0,9.585959609083766,0.0,0.0,0.0,9_McDonald's,0,0,83.78378378378379,3.067484662576687,25.806451612903224,90.91573294134344,0.0,0,0,35.49977607439333
9,Texas,2024-04-18,NAPA Auto Parts,Chase Elliott,Hendrick Motorsports,1,39,8.0,53.0,6.62,0.0,6.62,11059863.0,0.0,0.0,0.0,0.0,1.0,0.0,0.6,9_NAPA Auto Parts,1,0,100.0,23.92638036809816,25.806451612903224,0.0,30.0,100,0,48.4518108054621
10,Talladega,2024-04-26,FedEx,Denny Hamlin,Joe Gibbs Racing,37,4,8.0,0.0,0.0,0.0,0.0,34971366.0,0.0,0.0,0.0,0.0,1.0,0.0,0.6,10_FedEx,0,0,2.7027027027027026,2.4539877300613497,25.806451612903224,0.0,30.0,0,0,12.63188044565444
10,Talladega,2024-04-26,Love's Travel Stops,Michael Mcdowell,Front Row Motorsports,31,36,8.0,100.0,12.5,0.0,12.5,34971366.0,0.0,0.0,0.0,0.0,0.0,0.0,0.0,10_Love's Travel Stops,0,0,18.91891891891892,22.085889570552148,25.806451612903224,0.0,0.0,0,0,10.528249207053879
10,Talladega,2024-04-26,McDonald's,Bubba Wallace,23XI Racing,36,0,8.0,0.0,0.0,0.0,0.0,34971366.0,0.0,0.0,0.0,0.0,0.0,0.0,0.0,10_McDonald's,0,0,5.405405405405405,0.0,25.806451612903224,0.0,0.0,0,0,4.094158674803836
10,Talladega,2024-04-26,NAPA Auto Parts,Chase Elliott,Hendrick Motorsports,15,5,8.0,0.0,0.0,0.0,0.0,34971366.0,0.0,0.0,0.0,0.0,1.0,0.0,0.6,10_NAPA Auto Parts,0,0,62.16216216216216,3.067484662576687,25.806451612903224,0.0,30.0,0,0,29.354148726204933
11,Dover,2024-05-04,FedEx,Denny Hamlin,Joe Gibbs Racing,1,136,7.0,0.0,0.0,0.0,0.0,1779069.0,0.0,0.0,0.0,0.0,1.0,1.0,0.6,11_FedEx,1,0,100.0,83.43558282208589,22.58064516129032,0.0,30.0,100,0,55.27033445477934
11,Dover,2024-05-04,Love's Travel Stops,Michael Mcdowell,Front Row Motorsports,36,0,7.0,0.0,0.0,0.0,0.0,1779069.0,0.0,0.0,0.0,0.0,0.0,0.0,0.0,11_Love's Travel Stops,0,0,5.405405405405405,0.0,22.58064516129032,0.0,0.0,0,0,3.7715780296425456
11,Dover,2024-05-04,McDonald's,Bubba Wallace,23XI Racing,32,1,7.0,0.0,0.0,0.0,0.0,1779069.0,0.0,0.0,0.0,0.0,0.0,0.0,0.0,11_McDonald's,0,0,16.216216216216218,0.6134969325153374,22.58064516129032,0.0,0.0,0,0,6.872224688571413
11,Dover,2024-05-04,NAPA Auto Parts,Chase Elliott,Hendrick Motorsports,5,0,7.0,0.0,0.0,0.0,0.0,1779069.0,0.0,0.0,0.0,0.0,1.0,0.0,0.6,11_NAPA Auto Parts,0,0,89.1891891891892,0.0,22.58064516129032,0.0,30.0,0,0,36.23103748910201
12,Kansas,2024-05-11,FedEx,Denny Hamlin,Joe Gibbs Racing,5,71,8.0,0.0,0.0,0.0,0.0,9796175.0,0.0,0.0,0.0,0.0,1.0,0.0,0.6,12_FedEx,0,0,89.1891891891892,43.558282208588956,25.806451612903224,0.0,30.0,0,0,41.78061199929397
12,Kansas,2024-05-11,Love's Travel Stops,Michael Mcdowell,Front Row Motorsports,10,0,8.0,0.0,0.0,0.0,0.0,9796175.0,0.0,0.0,0.0,0.0,0.0,0.0,0.0,12_Love's Travel Stops,0,0,75.67567567567568,0.0,25.806451612903224,0.0,0.0,0,0,23.769834350479517
12,Kansas,2024-05-11,McDonald's,Bubba Wallace,23XI Racing,17,0,8.0,0.0,0.0,0.0,0.0,9796175.0,0.0,0.0,0.0,0.0,0.0,0.0,0.0,12_McDonald's,0,0,56.75675675675676,0.0,25.806451612903224,0.0,0.0,0,0,18.472537053182215
12,Kansas,2024-05-11,NAPA Auto Parts,Chase Elliott,Hendrick Motorsports,3,0,8.0,0.0,0.0,0.0,0.0,9796175.0,0.0,0.0,0.0,0.0,1.0,0.0,0.6,12_NAPA Auto Parts,0,0,94.5945945945946,0.0,25.806451612903224,0.0,30.0,0,0,38.06713164777681
13,Darlington,2024-05-19,FedEx,Denny Hamlin,Joe Gibbs Racing,4,1,7.0,0.0,0.0,0.0,0.0,3438875.0,0.0,0.0,0.0,0.0,1.0,0.0,0.6,13_FedEx,0,0,91.8918918918919,0.6134969325153374,22.58064516129032,0.0,30.0,0,0,37.06141387776061
13,Darlington,2024-05-19,Love's Travel Stops,Michael Mcdowell,Front Row Motorsports,10,0,7.0,0.0,0.0,0.0,0.0,3438875.0,0.0,0.0,0.0,0.0,0.0,0.0,0.0,13_Love's Travel Stops,0,0,75.67567567567568,0.0,22.58064516129032,0.0,0.0,0,0,23.447253705318225
13,Darlington,2024-05-19,McDonald's,Bubba Wallace,23XI Racing,7,6,7.0,0.0,0.0,0.0,0.0,3438875.0,0.0,0.0,0.0,0.0,0.0,0.0,0.0,13_McDonald's,0,0,83.78378378378379,3.6809815950920246,22.58064516129032,0.0,0.0,0,0,26.15924176699954
13,Darlington,2024-05-19,NAPA Auto Parts,Chase Elliott,Hendrick Motorsports,12,0,7.0,0.0,0.0,0.0,0.0,3438875.0,0.0,0.0,0.0,0.0,0.0,0.0,0.0,13_NAPA Auto Parts,0,0,70.27027027027027,0.0,22.58064516129032,0.0,0.0,0,0,21.93374019180471
14,Charlotte,2024-05-26,FedEx,Denny Hamlin,Joe Gibbs Racing,5,0,8.0,0.0,0.0,0.0,0.0,2926362.0,0.0,0.0,0.0,0.0,2.0,0.0,1.6,14_FedEx,0,0,89.1891891891892,0.0,25.806451612903224,0.0,80.0,0,0,51.553618134263296
14,Charlotte,2024-05-26,Love's Travel Stops,Michael Mcdowell,Front Row Motorsports,16,6,8.0,0.0,0.0,0.0,0.0,2926362.0,0.0,0.0,0.0,0.0,1.0,0.0,0.6,14_Love's Travel Stops,0,0,59.45945945945946,3.6809815950920246,25.806451612903224,0.0,30.0,0,0,28.671011601350017
14,Charlotte,2024-05-26,McDonald's,Bubba Wallace,23XI Racing,11,0,8.0,0.0,0.0,0.0,0.0,2926362.0,0.0,0.0,0.0,0.0,1.0,0.0,0.6,14_McDonald's,0,0,72.97297297297297,0.0,25.806451612903224,0.0,30.0,0,0,32.013077593722755
14,Charlotte,2024-05-26,NAPA Auto Parts,Chase Elliott,Hendrick Motorsports,7,2,8.0,0.0,0.0,0.0,0.0,2926362.0,0.0,0.0,0.0,0.0,2.0,0.0,1.6,14_NAPA Auto Parts,0,0,83.78378378378379,1.2269938650306749,25.806451612903224,0.0,80.0,0,0,50.187343884553464
15,Gateway,2024-06-03,FedEx,Denny Hamlin,Joe Gibbs Racing,2,0,8.0,0.0,0.0,0.0,0.0,427478.0,0.0,0.0,0.0,0.0,1.0,0.0,0.6,15_FedEx,0,0,97.2972972972973,0.0,25.806451612903224,0.0,30.0,0,0,38.82388840453357
15,Gateway,2024-06-03,Love's Travel Stops,Michael Mcdowell,Front Row Motorsports,25,40,8.0,0.0,0.0,0.0,0.0,427478.0,0.0,0.0,0.0,0.0,0.0,0.0,0.0,15_Love's Travel Stops,0,0,35.13513513513514,24.539877300613497,25.806451612903224,0.0,0.0,0,0,15.363268275201781
15,Gateway,2024-06-03,McDonald's,Bubba Wallace,23XI Racing,21,0,8.0,0.0,0.0,0.0,0.0,427478.0,0.0,0.0,0.0,0.0,0.0,0.0,0.0,15_McDonald's,0,0,45.94594594594595,0.0,25.806451612903224,0.0,0.0,0,0,15.445510026155189
15,Gateway,2024-06-03,NAPA Auto Parts,Chase Elliott,Hendrick Motorsports,13,0,8.0,0.0,0.0,0.0,0.0,427478.0,0.0,0.0,0.0,0.0,1.0,0.0,0.6,15_NAPA Auto Parts,0,0,67.56756756756756,0.0,25.806451612903224,0.0,30.0,0,0,30.499564080209243
16,Sonoma,2024-06-11,FedEx,Denny Hamlin,Joe Gibbs Racing,38,0,7.0,0.0,0.0,0.0,0.0,1459562.0,0.0,0.0,0.0,0.0,1.0,0.0,0.6,16_FedEx,0,0,0.0,0.0,22.58064516129032,0.0,30.0,0,0,11.258064516129032
16,Sonoma,2024-06-11,Love's Travel Stops,Michael Mcdowell,Front Row Motorsports,2,0,7.0,0.0,0.0,0.0,0.0,1459562.0,0.0,0.0,0.0,0.0,0.0,0.0,0.0,16_Love's Travel Stops,0,0,97.2972972972973,0.0,22.58064516129032,0.0,0.0,0,0,29.50130775937228
16,Sonoma,2024-06-11,McDonald's,Bubba Wallace,23XI Racing,20,0,7.0,0.0,0.0,0.0,0.0,1459562.0,0.0,0.0,0.0,0.0,0.0,0.0,0.0,16_McDonald's,0,0,48.64864864864865,0.0,22.58064516129032,0.0,0.0,0,0,15.879686137750657
16,Sonoma,2024-06-11,NAPA Auto Parts,Chase Elliott,Hendrick Motorsports,4,3,7.0,0.0,0.0,0.0,0.0,1459562.0,0.0,0.0,0.0,0.0,1.0,0.0,0.6,16_NAPA Auto Parts,0,0,91.8918918918919,1.8404907975460123,22.58064516129032,0.0,30.0,0,0,37.20865314156429
17,Iowa,2024-06-18,FedEx,Denny Hamlin,Joe Gibbs Racing,24,0,8.0,0.0,0.0,0.0,0.0,943776.0,0.0,0.0,0.0,0.0,1.0,0.0,0.6,17_FedEx,0,0,37.83783783783784,0.0,25.806451612903224,0.0,30.0,0,0,22.17523975588492
17,Iowa,2024-06-18,Love's Travel Stops,Michael Mcdowell,Front Row Motorsports,23,0,8.0,0.0,0.0,0.0,0.0,943776.0,0.0,0.0,0.0,0.0,0.0,0.0,0.0,17_Love's Travel Stops,0,0,40.54054054054054,0.0,25.806451612903224,0.0,0.0,0,0,13.931996512641675
17,Iowa,2024-06-18,McDonald's,Bubba Wallace,23XI Racing,17,0,8.0,0.0,0.0,0.0,0.0,943776.0,0.0,0.0,0.0,0.0,1.0,1.0,0.6,17_McDonald's,0,0,56.75675675675676,0.0,25.806451612903224,0.0,30.0,0,0,27.47253705318222
17,Iowa,2024-06-18,NAPA Auto Parts,Chase Elliott,Hendrick Motorsports,3,1,8.0,0.0,0.0,0.0,0.0,943776.0,0.0,0.0,0.0,0.0,1.0,0.0,0.6,17_NAPA Auto Parts,0,0,94.5945945945946,0.6134969325153374,25.806451612903224,0.0,30.0,0,0,38.14075127967865
18,New Hampshire,2024-06-26,FedEx,Denny Hamlin,Joe Gibbs Racing,24,43,7.0,148.0,21.14,0.0,21.14,779286.0,0.0,0.0,0.0,0.0,1.0,0.0,0.6,18_FedEx,0,0,37.83783783783784,26.380368098159508,22.58064516129032,0.0,30.0,0,0,25.01830328250277
18,New Hampshire,2024-06-26,Love's Travel Stops,Michael Mcdowell,Front Row Motorsports,15,0,7.0,0.0,0.0,0.0,0.0,779286.0,0.0,0.0,0.0,0.0,0.0,0.0,0.0,18_Love's Travel Stops,0,0,62.16216216216216,0.0,22.58064516129032,0.0,0.0,0,0,19.66346992153444
18,New Hampshire,2024-06-26,McDonald's,Bubba Wallace,23XI Racing,34,0,7.0,0.0,0.0,0.0,0.0,779286.0,0.0,0.0,0.0,0.0,0.0,0.0,0.0,18_McDonald's,0,0,10.81081081081081,0.0,22.58064516129032,0.0,0.0,0,0,5.285091543156059
18,New Hampshire,2024-06-26,NAPA Auto Parts,Chase Elliott,Hendrick Motorsports,18,41,7.0,0.0,0.0,0.0,0.0,779286.0,0.0,0.0,0.0,0.0,1.0,0.0,0.6,18_NAPA Auto Parts,0,0,54.054054054054056,25.153374233128833,22.58064516129032,0.0,30.0,0,0,29.411604559239628
19,Nashville,2024-07-03,FedEx,Denny Hamlin,Joe Gibbs Racing,12,70,8.0,0.0,0.0,0.0,0.0,1928745.0,0.0,0.0,0.0,0.0,1.0,0.0,0.6,19_FedEx,0,0,70.27027027027027,42.944785276073624,25.806451612903224,0.0,30.0,0,0,36.409695070094834
19,Nashville,2024-07-03,Love's Travel Stops,Michael Mcdowell,Front Row Motorsports,35,31,8.0,0.0,0.0,0.0,0.0,1928745.0,0.0,0.0,0.0,0.0,1.0,1.0,0.6,19_Love's Travel Stops,0,0,8.108108108108109,19.018404907975462,25.806451612903224,0.0,30.0,0,0,16.13312402051765
19,Nashville,2024-07-03,McDonald's,Bubba Wallace,23XI Racing,7,0,8.0,0.0,0.0,0.0,0.0,1928745.0,0.0,0.0,0.0,0.0,0.0,0.0,0.0,19_McDonald's,0,0,83.78378378378379,0.0,25.806451612903224,0.0,0.0,0,0,26.040104620749787
19,Nashville,2024-07-03,NAPA Auto Parts,Chase Elliott,Hendrick Motorsports,18,0,8.0,0.0,0.0,0.0,0.0,1928745.0,0.0,0.0,0.0,0.0,1.0,0.0,0.6,19_NAPA Auto Parts,0,0,54.054054054054056,0.0,25.806451612903224,0.0,30.0,0,0,26.71578029642546
20,Chicago Street Course,2024-07-11,FedEx,Denny Hamlin,Joe Gibbs Racing,30,0,8.0,0.0,0.0,0.0,0.0,6489514.0,0.0,0.0,0.0,0.0,1.0,0.0,0.6,20_FedEx,0,0,21.62162162162162,0.0,25.806451612903224,0.0,30.0,0,0,17.634699215344376
20,Chicago Street Course,2024-07-11,Love's Travel Stops,Michael Mcdowell,Front Row Motorsports,5,0,8.0,0.0,0.0,0.0,0.0,6489514.0,0.0,0.0,0.0,0.0,0.0,0.0,0.0,20_Love's Travel Stops,0,0,89.1891891891892,0.0,25.806451612903224,0.0,0.0,0,0,27.5536181342633
20,Chicago Street Course,2024-07-11,McDonald's,Bubba Wallace,23XI Racing,13,0,8.0,0.0,0.0,0.0,0.0,6489514.0,0.0,0.0,0.0,0.0,0.0,0.0,0.0,20_McDonald's,0,0,67.56756756756756,0.0,25.806451612903224,0.0,0.0,0,0,21.499564080209243
20,Chicago Street Course,2024-07-11,NAPA Auto Parts,Chase Elliott,Hendrick Motorsports,21,0,8.0,0.0,0.0,0.0,0.0,6489514.0,0.0,0.0,0.0,0.0,1.0,0.0,0.6,20_NAPA Auto Parts,0,0,45.94594594594595,0.0,25.806451612903224,0.0,30.0,0,0,24.44551002615519
21,Pocono,2024-07-19,FedEx,Denny Hamlin,Joe Gibbs Racing,2,31,7.0,0.0,0.0,0.0,0.0,1634805.0,0.0,0.0,0.0,0.0,1.0,0.0,0.6,21_FedEx,0,0,97.2972972972973,19.018404907975462,22.58064516129032,0.0,30.0,0,0,40.783516348329336
21,Pocono,2024-07-19,Love's Travel Stops,Michael Mcdowell,Front Row Motorsports,24,0,7.0,0.0,0.0,0.0,0.0,1634805.0,0.0,0.0,0.0,0.0,0.0,0.0,0.0,21_Love's Travel Stops,0,0,37.83783783783784,0.0,22.58064516129032,0.0,0.0,0,0,12.852659110723629
21,Pocono,2024-07-19,McDonald's,Bubba Wallace,23XI Racing,10,0,7.0,100.0,14.29,0.0,14.29,1634805.0,0.0,0.0,0.0,0.0,0.0,0.0,0.0,21_McDonald's,0,0,75.67567567567568,0.0,22.58064516129032,0.0,0.0,0,0,23.447253705318225
21,Pocono,2024-07-19,NAPA Auto Parts,Chase Elliott,Hendrick Motorsports,9,0,7.0,0.0,0.0,0.0,0.0,1634805.0,0.0,0.0,0.0,0.0,1.0,0.0,0.6,21_NAPA Auto Parts,0,0,78.37837837837837,0.0,22.58064516129032,0.0,30.0,0,0,33.204010462074976
22,Indianapolis,2024-07-26,FedEx,Denny Hamlin,Joe Gibbs Racing,32,21,15.0,0.0,0.0,0.0,0.0,8360020.0,0.0,0.0,0.0,0.0,1.0,0.0,0.6,22_FedEx,0,0,16.216216216216218,12.883435582822086,48.38709677419355,0.0,30.0,0,0,19.925262487898546
22,Indianapolis,2024-07-26,Love's Travel Stops,Michael Mcdowell,Front Row Motorsports,16,1,15.0,0.0,0.0,0.0,0.0,8360020.0,0.0,0.0,0.0,0.0,0.0,0.0,0.0,22_Love's Travel Stops,0,0,59.45945945945946,0.6134969325153374,48.38709677419355,0.0,0.0,0,0,21.560977957969847
22,Indianapolis,2024-07-26,McDonald's,Bubba Wallace,23XI Racing,5,26,15.0,0.0,0.0,0.0,0.0,8360020.0,0.0,0.0,0.0,0.0,0.0,0.0,0.0,22_McDonald's,0,0,89.1891891891892,15.950920245398773,48.38709677419355,0.0,0.0,0,0,31.725793079840184
22,Indianapolis,2024-07-26,NAPA Auto Parts,Chase Elliott,Hendrick Motorsports,10,1,15.0,100.0,6.67,0.0,6.67,8360020.0,0.0,0.0,0.0,0.0,1.0,0.0,0.6,22_NAPA Auto Parts,0,0,75.67567567567568,0.6134969325153374,48.38709677419355,0.0,30.0,0,0,35.10151849851039
23,Richmond,2024-08-03,FedEx,Denny Hamlin,Joe Gibbs Racing,2,124,0.0,0.0,0.0,0.0,0.0,0.0,0.0,0.0,0.0,0.0,1.0,1.0,0.6,23_FedEx,0,0,97.2972972972973,76.07361963190185,0.0,0.0,30.0,0,0,45.372077599071474
23,Richmond,2024-08-03,Love's Travel Stops,Michael Mcdowell,Front Row Motorsports,15,0,0.0,0.0,0.0,0.0,0.0,0.0,0.0,0.0,0.0,0.0,0.0,0.0,0.0,23_Love's Travel Stops,0,0,62.16216216216216,0.0,0.0,0.0,0.0,0,0,17.405405405405407
23,Richmond,2024-08-03,McDonald's,Bubba Wallace,23XI Racing,4,0,0.0,0.0,0.0,0.0,0.0,0.0,0.0,0.0,0.0,0.0,1.0,1.0,0.6,23_McDonald's,0,0,91.8918918918919,0.0,0.0,0.0,30.0,0,0,34.72972972972973
23,Richmond,2024-08-03,NAPA Auto Parts,Chase Elliott,Hendrick Motorsports,9,5,0.0,0.0,0.0,0.0,0.0,0.0,0.0,0.0,0.0,0.0,1.0,0.0,0.6,23_NAPA Auto Parts,0,0,78.37837837837837,3.067484662576687,0.0,0.0,30.0,0,0,31.31404410545515
24,Michigan,2024-08-10,FedEx,Denny Hamlin,Joe Gibbs Racing,9,0,31.0,0.0,0.0,0.0,0.0,12614339.0,0.0,0.0,0.0,0.0,1.0,0.0,0.6,24_FedEx,0,0,78.37837837837837,0.0,100.0,0.0,30.0,0,0,40.94594594594595
24,Michigan,2024-08-10,Love's Travel Stops,Michael Mcdowell,Front Row Motorsports,19,0,31.0,0.0,0.0,0.0,0.0,12614339.0,0.0,0.0,0.0,0.0,0.0,0.0,0.0,24_Love's Travel Stops,0,0,51.35135135135135,0.0,100.0,0.0,0.0,0,0,24.37837837837838
24,Michigan,2024-08-10,McDonald's,Bubba Wallace,23XI Racing,26,5,31.0,0.0,0.0,0.0,0.0,12614339.0,0.0,0.0,0.0,0.0,1.0,1.0,0.6,24_McDonald's,0,0,32.432432432432435,3.067484662576687,100.0,0.0,30.0,0,0,28.449179240590283
24,Michigan,2024-08-10,NAPA Auto Parts,Chase Elliott,Hendrick Motorsports,15,29,31.0,67.0,2.16,0.0,2.16,12614339.0,0.0,0.0,0.0,0.0,1.0,0.0,0.6,24_NAPA Auto Parts,0,0,62.16216216216216,17.791411042944784,100.0,0.0,30.0,0,0,38.54037473055878
25,Daytona,2024-08-18,FedEx,Denny Hamlin,Joe Gibbs Racing,38,0,0.0,0.0,0.0,0.0,0.0,0.0,0.0,0.0,0.0,0.0,1.0,0.0,0.6,25_FedEx,0,0,0.0,0.0,0.0,0.0,30.0,0,0,9.0
25,Daytona,2024-08-18,Love's Travel Stops,Michael Mcdowell,Front Row Motorsports,30,26,0.0,0.0,0.0,0.0,0.0,0.0,0.0,0.0,0.0,0.0,0.0,0.0,0.0,25_Love's Travel Stops,0,0,21.62162162162162,15.950920245398773,0.0,0.0,0.0,0,0,7.968164483501907
25,Daytona,2024-08-18,McDonald's,Bubba Wallace,23XI Racing,6,16,0.0,0.0,0.0,0.0,0.0,0.0,0.0,0.0,0.0,0.0,0.0,0.0,0.0,25_McDonald's,0,0,86.48648648648648,9.815950920245399,0.0,0.0,0.0,0,0,25.394130326645666
25,Daytona,2024-08-18,NAPA Auto Parts,Chase Elliott,Hendrick Motorsports,36,0,0.0,0.0,0.0,0.0,0.0,0.0,0.0,0.0,0.0,0.0,1.0,0.0,0.6,25_NAPA Auto Parts,0,0,5.405405405405405,0.0,0.0,0.0,30.0,0,0,10.513513513513514
26,Darlington,2024-08-26,FedEx,Denny Hamlin,Joe Gibbs Racing,7,21,0.0,0.0,0.0,0.0,0.0,0.0,0.0,0.0,0.0,0.0,1.0,0.0,0.6,26_FedEx,0,0,83.78378378378379,12.883435582822086,0.0,0.0,30.0,0,0,34.00547172939811
26,Darlington,2024-08-26,Love's Travel Stops,Michael Mcdowell,Front Row Motorsports,28,0,0.0,0.0,0.0,0.0,0.0,0.0,0.0,0.0,0.0,0.0,0.0,0.0,0.0,26_Love's Travel Stops,0,0,27.027027027027028,0.0,0.0,0.0,0.0,0,0,7.567567567567568
26,Darlington,2024-08-26,McDonald's,Bubba Wallace,23XI Racing,16,37,0.0,0.0,0.0,0.0,0.0,0.0,0.0,0.0,0.0,0.0,0.0,0.0,0.0,26_McDonald's,0,0,59.45945945945946,22.699386503067483,0.0,0.0,0.0,0,0,19.372575029016748
26,Darlington,2024-08-26,NAPA Auto Parts,Chase Elliott,Hendrick Motorsports,11,0,0.0,0.0,0.0,0.0,0.0,0.0,0.0,0.0,0.0,0.0,1.0,0.0,0.6,26_NAPA Auto Parts,0,0,72.97297297297297,0.0,0.0,0.0,30.0,0,0,29.43243243243243
27,Atlanta,2024-09-02,FedEx,Denny Hamlin,Joe Gibbs Racing,24,0,0.0,0.0,0.0,0.0,0.0,0.0,0.0,0.0,0.0,0.0,2.0,0.0,1.6,27_FedEx,0,1,37.83783783783784,0.0,0.0,0.0,80.0,0,100,38.5945945945946
27,Atlanta,2024-09-02,Love's Travel Stops,Michael Mcdowell,Front Row Motorsports,22,30,0.0,0.0,0.0,0.0,0.0,0.0,0.0,0.0,0.0,0.0,1.0,0.0,0.6,27_Love's Travel Stops,0,1,43.24324324324324,18.404907975460123,0.0,0.0,30.0,0,100,27.316697065163325
27,Atlanta,2024-09-02,McDonald's,Bubba Wallace,23XI Racing,29,8,0.0,0.0,0.0,0.0,0.0,0.0,0.0,0.0,0.0,0.0,2.0,1.0,2.0,27_McDonald's,0,1,24.324324324324326,4.9079754601226995,0.0,0.0,100.0,0,100,41.399767866025535
27,Atlanta,2024-09-02,NAPA Auto Parts,Chase Elliott,Hendrick Motorsports,8,0,0.0,0.0,0.0,0.0,0.0,0.0,0.0,0.0,0.0,0.0,1.0,0.0,0.6,27_NAPA Auto Parts,0,1,81.08108108108108,0.0,0.0,0.0,30.0,0,100,35.70270270270271
28,Watkins Glen,2024-09-10,FedEx,Denny Hamlin,Joe Gibbs Racing,23,0,30.0,0.0,0.0,0.0,0.0,2375072.0,0.0,0.0,0.0,0.0,1.0,0.0,0.6,28_FedEx,0,1,40.54054054054054,0.0,96.7741935483871,0.0,30.0,0,100,34.028770706190066
28,Watkins Glen,2024-09-10,Love's Travel Stops,Michael Mcdowell,Front Row Motorsports,7,7,30.0,0.0,0.0,0.0,0.0,2375072.0,0.0,0.0,0.0,0.0,0.0,0.0,0.0,28_Love's Travel Stops,0,1,83.78378378378379,4.294478527607362,96.7741935483871,0.0,0.0,0,100,37.65221623761106
28,Watkins Glen,2024-09-10,McDonald's,Bubba Wallace,23XI Racing,17,0,30.0,0.0,0.0,0.0,0.0,2375072.0,0.0,0.0,0.0,0.0,1.0,0.0,0.6,28_McDonald's,0,1,56.75675675675676,0.0,96.7741935483871,0.0,30.0,0,100,38.56931124673061
28,Watkins Glen,2024-09-10,NAPA Auto Parts,Chase Elliott,Hendrick Motorsports,19,0,30.0,55.0,1.83,0.0,1.83,2375072.0,0.0,0.0,0.0,0.0,1.0,0.0,0.6,28_NAPA Auto Parts,0,1,51.35135135135135,0.0,96.7741935483871,0.0,30.0,0,100,37.05579773321709
29,Bristol,2024-09-17,FedEx,Denny Hamlin,Joe Gibbs Racing,4,0,0.0,0.0,0.0,0.0,0.0,0.0,0.0,0.0,0.0,0.0,1.0,0.0,0.6,29_FedEx,0,1,91.8918918918919,0.0,0.0,0.0,30.0,0,100,38.72972972972973
29,Bristol,2024-09-17,Love's Travel Stops,Michael Mcdowell,Front Row Motorsports,11,0,0.0,0.0,0.0,0.0,0.0,0.0,0.0,0.0,0.0,0.0,0.0,0.0,0.0,29_Love's Travel Stops,0,1,72.97297297297297,0.0,0.0,0.0,0.0,0,100,24.43243243243243
29,Bristol,2024-09-17,McDonald's,Bubba Wallace,23XI Racing,3,1,0.0,0.0,0.0,0.0,0.0,0.0,0.0,0.0,0.0,0.0,0.0,0.0,0.0,29_McDonald's,0,1,94.5945945945946,0.6134969325153374,0.0,0.0,0.0,0,100,30.560106118388333
29,Bristol,2024-09-17,NAPA Auto Parts,Chase Elliott,Hendrick Motorsports,2,0,0.0,0.0,0.0,0.0,0.0,0.0,0.0,0.0,0.0,0.0,1.0,0.0,0.6,29_NAPA Auto Parts,0,1,97.2972972972973,0.0,0.0,0.0,30.0,0,100,40.24324324324325
30,Kansas,2024-09-25,FedEx,Denny Hamlin,Joe Gibbs Racing,8,1,0.0,0.0,0.0,0.0,0.0,0.0,0.0,0.0,0.0,0.0,1.0,0.0,0.6,30_FedEx,0,1,81.08108108108108,0.6134969325153374,0.0,0.0,30.0,0,100,35.776322334604544
30,Kansas,2024-09-25,Love's Travel Stops,Michael Mcdowell,Front Row Motorsports,29,0,0.0,0.0,0.0,0.0,0.0,0.0,0.0,0.0,0.0,0.0,0.0,0.0,0.0,30_Love's Travel Stops,0,1,24.324324324324326,0.0,0.0,0.0,0.0,0,100,10.810810810810812
30,Kansas,2024-09-25,McDonald's,Bubba Wallace,23XI Racing,17,0,0.0,0.0,0.0,0.0,0.0,0.0,0.0,0.0,0.0,0.0,0.0,0.0,0.0,30_McDonald's,0,1,56.75675675675676,0.0,0.0,0.0,0.0,0,100,19.891891891891895
30,Kansas,2024-09-25,NAPA Auto Parts,Chase Elliott,Hendrick Motorsports,9,0,0.0,0.0,0.0,0.0,0.0,0.0,0.0,0.0,0.0,0.0,1.0,0.0,0.6,30_NAPA Auto Parts,0,1,78.37837837837837,0.0,0.0,0.0,30.0,0,100,34.94594594594595
31,Talladega,2024-10-03,FedEx,Denny Hamlin,Joe Gibbs Racing,10,0,0.0,0.0,0.0,0.0,0.0,0.0,0.0,0.0,0.0,0.0,1.0,0.0,0.6,31_FedEx,0,1,75.67567567567568,0.0,0.0,0.0,30.0,0,100,34.18918918918919
31,Talladega,2024-10-03,Love's Travel Stops,Michael Mcdowell,Front Row Motorsports,37,42,0.0,0.0,0.0,0.0,0.0,0.0,0.0,0.0,0.0,0.0,1.0,0.0,0.6,31_Love's Travel Stops,0,1,2.7027027027027026,25.766871165644172,0.0,0.0,30.0,0,100,16.84878129663406
31,Talladega,2024-10-03,McDonald's,Bubba Wallace,23XI Racing,9,3,0.0,0.0,0.0,0.0,0.0,0.0,0.0,0.0,0.0,0.0,0.0,0.0,0.0,31_McDonald's,0,1,78.37837837837837,1.8404907975460123,0.0,0.0,0.0,0,100,26.16680484165147
31,Talladega,2024-10-03,NAPA Auto Parts,Chase Elliott,Hendrick Motorsports,29,1,0.0,0.0,0.0,0.0,0.0,0.0,0.0,0.0,0.0,0.0,1.0,0.0,0.6,31_NAPA Auto Parts,0,1,24.324324324324326,0.6134969325153374,0.0,0.0,30.0,0,100,19.884430442712652
32,Charlotte Roval,2024-10-10,FedEx,Denny Hamlin,Joe Gibbs Racing,14,0,15.0,0.0,0.0,0.0,0.0,1991384.0,0.0,0.0,0.0,0.0,1.0,0.0,0.6,32_FedEx,0,1,64.86486486486487,0.0,48.38709677419355,0.0,30.0,0,100,36.00087183958152
32,Charlotte Roval,2024-10-10,Love's Travel Stops,Michael Mcdowell,Front Row Motorsports,15,0,15.0,0.0,0.0,0.0,0.0,1991384.0,0.0,0.0,0.0,0.0,1.0,1.0,0.6,32_Love's Travel Stops,0,1,62.16216216216216,0.0,48.38709677419355,0.0,30.0,0,100,35.24411508282476
32,Charlotte Roval,2024-10-10,McDonald's,Bubba Wallace,23XI Racing,9,0,15.0,0.0,0.0,0.0,0.0,1991384.0,0.0,0.0,0.0,0.0,0.0,0.0,0.0,32_McDonald's,0,1,78.37837837837837,0.0,48.38709677419355,0.0,0.0,0,100,30.784655623365303
32,Charlotte Roval,2024-10-10,NAPA Auto Parts,Chase Elliott,Hendrick Motorsports,5,0,15.0,0.0,0.0,0.0,0.0,1991384.0,0.0,0.0,0.0,0.0,1.0,0.0,0.6,32_NAPA Auto Parts,0,1,89.1891891891892,0.0,48.38709677419355,0.0,30.0,0,100,42.81168265039233
33,Las Vegas,2024-10-18,FedEx,Denny Hamlin,Joe Gibbs Racing,8,4,0.0,0.0,0.0,0.0,0.0,0.0,0.0,0.0,0.0,0.0,1.0,0.0,0.6,33_FedEx,0,1,81.08108108108108,2.4539877300613497,0.0,0.0,30.0,0,100,35.99718123031006
33,Las Vegas,2024-10-18,Love's Travel Stops,Michael Mcdowell,Front Row Motorsports,20,0,0.0,0.0,0.0,0.0,0.0,0.0,0.0,0.0,0.0,0.0,0.0,0.0,0.0,33_Love's Travel Stops,0,1,48.64864864864865,0.0,0.0,0.0,0.0,0,100,17.621621621621625
33,Las Vegas,2024-10-18,McDonald's,Bubba Wallace,23XI Racing,12,0,0.0,0.0,0.0,0.0,0.0,0.0,0.0,0.0,0.0,0.0,0.0,0.0,0.0,33_McDonald's,0,1,70.27027027027027,0.0,0.0,0.0,0.0,0,100,23.675675675675677
33,Las Vegas,2024-10-18,NAPA Auto Parts,Chase Elliott,Hendrick Motorsports,33,0,0.0,0.0,0.0,0.0,0.0,0.0,0.0,0.0,0.0,0.0,1.0,0.0,0.6,33_NAPA Auto Parts,0,1,13.513513513513514,0.0,0.0,0.0,30.0,0,100,16.783783783783782
34,Homestead,2024-10-25,FedEx,Denny Hamlin,Joe Gibbs Racing,3,21,17.0,0.0,0.0,0.0,0.0,1181966.0,0.0,0.0,0.0,0.0,1.0,0.0,0.6,34_FedEx,0,1,94.5945945945946,12.883435582822086,54.83870967741935,0.0,30.0,0,100,46.51636972416708
34,Homestead,2024-10-25,Love's Travel Stops,Michael Mcdowell,Front Row Motorsports,14,0,17.0,72.0,4.24,0.0,4.24,1181966.0,0.0,0.0,0.0,0.0,0.0,0.0,0.0,34_Love's Travel Stops,0,1,64.86486486486487,0.0,54.83870967741935,0.0,0.0,0,100,27.6460331299041
34,Homestead,2024-10-25,McDonald's,Bubba Wallace,23XI Racing,18,2,17.0,0.0,0.0,0.0,0.0,1181966.0,0.0,0.0,0.0,0.0,0.0,0.0,0.0,34_McDonald's,0,1,54.054054054054056,1.2269938650306749,54.83870967741935,0.0,0.0,0,100,24.766245366680753
34,Homestead,2024-10-25,NAPA Auto Parts,Chase Elliott,Hendrick Motorsports,5,81,17.0,0.0,0.0,0.0,0.0,1181966.0,0.0,0.0,0.0,0.0,1.0,0.0,0.6,34_NAPA Auto Parts,0,1,89.1891891891892,49.693251533742334,54.83870967741935,0.0,30.0,0,100,49.42003412476399
35,Martinsville,2024-11-02,FedEx,Denny Hamlin,Joe Gibbs Racing,5,0,0.0,0.0,0.0,0.0,0.0,0.0,0.0,0.0,0.0,0.0,0.0,0.0,0.0,35_FedEx,0,1,89.1891891891892,0.0,0.0,0.0,0.0,0,100,28.972972972972975
35,Martinsville,2024-11-02,Love's Travel Stops,Michael Mcdowell,Front Row Motorsports,33,0,0.0,0.0,0.0,0.0,0.0,0.0,0.0,0.0,0.0,0.0,1.0,1.0,0.6,35_Love's Travel Stops,0,1,13.513513513513514,0.0,0.0,0.0,30.0,0,100,16.783783783783782
35,Martinsville,2024-11-02,McDonald's,Bubba Wallace,23XI Racing,18,6,0.0,0.0,0.0,0.0,0.0,0.0,0.0,0.0,0.0,0.0,1.0,1.0,0.6,35_McDonald's,0,1,54.054054054054056,3.6809815950920246,0.0,0.0,30.0,0,100,28.57685292654618
35,Martinsville,2024-11-02,NAPA Auto Parts,Chase Elliott,Hendrick Motorsports,2,129,0.0,0.0,0.0,0.0,0.0,0.0,0.0,0.0,0.0,0.0,1.0,0.0,0.6,35_NAPA Auto Parts,0,1,97.2972972972973,79.14110429447852,0.0,0.0,30.0,0,100,49.74017575858067
36,Phoenix,2024-11-10,FedEx,Denny Hamlin,Joe Gibbs Racing,11,0,0.0,0.0,0.0,0.0,0.0,0.0,0.0,0.0,0.0,0.0,0.0,0.0,0.0,36_FedEx,0,1,72.97297297297297,0.0,0.0,0.0,0.0,0,100,24.43243243243243
36,Phoenix,2024-11-10,Love's Travel Stops,Michael Mcdowell,Front Row Motorsports,31,0,0.0,0.0,0.0,0.0,0.0,0.0,0.0,0.0,0.0,0.0,0.0,0.0,0.0,36_Love's Travel Stops,0,1,18.91891891891892,0.0,0.0,0.0,0.0,0,100,9.297297297297298
36,Phoenix,2024-11-10,McDonald's,Bubba Wallace,23XI Racing,7,0,0.0,0.0,0.0,0.0,0.0,0.0,0.0,0.0,0.0,0.0,0.0,0.0,0.0,36_McDonald's,0,1,83.78378378378379,0.0,0.0,0.0,0.0,0,100,27.459459459459463
36,Phoenix,2024-11-10,NAPA Auto Parts,Chase Elliott,Hendrick Motorsports,8,7,0.0,0.0,0.0,0.0,0.0,0.0,0.0,0.0,0.0,0.0,1.0,0.0,0.6,36_NAPA Auto Parts,0,1,81.08108108108108,4.294478527607362,0.0,0.0,30.0,0,100,36.21804012601559
