Race_Number,Race_Name,Race_Date,Sponsor,Article_Date,Source,Headline,Article_URL,Mention_Type,Context,Verified,Source_Tier,Tier_Weight
1,Daytona 500,2024-02-19,FedEx,2024-02-19,Fox News,Denny Hamlin talks Daytona 500 strategy ahead of The Great American Race,https://www.foxnews.com/sports/denny-hamlin-talks-daytona-500-strategy-ahead-the-great-american-race.amp,Secondary,FedEx #11 Toyota featured in pre-race Hamlin profile,Yes,Tier 3,0.6
1,Daytona 500,2024-02-19,FedEx,2024-02-18,Jayski,Love's Travel Stops deal with Front Row Motorsports is multi-year for first time,https://www.jayski.com/2024/02/18/loves-travel-stops-deal-with-front-row-motorsports-is-multi-year-for-first-time/,Secondary,FedEx #11 livery confirmed active for Daytona 500,Yes,Tier 3,0.6
1,Daytona 500,2024-02-19,NAPA Auto Parts,2024-02-20,NAPA Blog,Elliott Earns Stage Win in Daytona 500,https://knowhow.napaonline.com/elliott-earns-stage-win-in-daytona-500/,Primary,NAPA sponsor named as Elliott wins Stage 1 and finishes 14th,Yes,Tier 3,0.6
1,Daytona 500,2024-02-19,NAPA Auto Parts,2024-02-19,Jayski,2024 NASCAR Cup Series #9 Hendrick Motorsports paint schemes,https://www.jayski.com/paint-schemes/cup-series-paint-schemes/2024-nascar-cup-series-9-hendrick-motorsports-paint-schemes/,Secondary,NAPA Auto Parts confirmed as primary for Daytona 500,Yes,Tier 3,0.6
1,Daytona 500,2024-02-19,McDonald's,2024-02-09,EssentiallySports,Bubba Wallace 2024 McDonald's Scheme Leaked as Toyota Installs Infamous Daytona Attraction,https://www.essentiallysports.com/nascar-news-bubba-wallace-twenty-twenty-four-mcdonalds-scheme-leaked-as-toyota-installs-infamous-daytona-attraction/,Primary,McDonald's scheme pre-race buzz; Wallace finishes 5th,Yes,Tier 3,0.6
1,Daytona 500,2024-02-19,McDonald's,2024-02-19,Jayski,2024 NASCAR Cup Series #23 23XI Racing paint schemes,https://www.jayski.com/paint-schemes/cup-series-paint-schemes/2024-nascar-cup-series-23-23xi-racing-paint-schemes/,Secondary,McDonald's confirmed as primary sponsor for Daytona,Yes,Tier 3,0.6
1,Daytona 500,2024-02-19,Love's Travel Stops,2024-02-18,Jayski,Love's Travel Stops deal with Front Row Motorsports is multi-year for first time,https://www.jayski.com/2024/02/18/loves-travel-stops-deal-with-front-row-motorsports-is-multi-year-for-first-time/,Primary,Multi-year deal announced; Love's confirmed for Daytona,Yes,Tier 3,0.6
1,Daytona 500,2024-02-19,Love's Travel Stops,2024-02-07,TobyChristie.com,"Love's Reveals 2024 Primary Sponsorship Schedule for McDowell, Riggs",https://tobychristie.com/nascar/cup-series/loves-reveals-2024-primary-sponsorship-schedule-for-mcdowell-riggs/,Primary,Love's confirmed as primary for Daytona 500 opener,Yes,Tier 3,0.6
2,Ambetter Health 400,2024-02-25,FedEx,2024-02-26,Jayski,2024 NASCAR Cup Series Results,https://www.jayski.com/nascar-cup-series/2024-nascar-cup-series-results/,Secondary,FedEx Hamlin competes at Atlanta superspeedway,Yes,Tier 3,0.6
2,Ambetter Health 400,2024-02-25,NAPA Auto Parts,2024-02-26,Jayski,2024 NASCAR Cup Series Results,https://www.jayski.com/nascar-cup-series/2024-nascar-cup-series-results/,Secondary,NAPA Elliott races at Atlanta; Hooters scheme confirmed for this race,Yes,Tier 3,0.6
2,Ambetter Health 400,2024-02-25,Love's Travel Stops,2024-02-26,TobyChristie.com,"Love's Reveals 2024 Primary Sponsorship Schedule for McDowell, Riggs",https://tobychristie.com/nascar/cup-series/loves-reveals-2024-primary-sponsorship-schedule-for-mcdowell-riggs/,Secondary,Love's not primary at Atlanta per schedule; McDowell races,No,Tier 3,0.6
3,Pennzoil 400,2024-03-03,FedEx,2024-03-04,Jayski,2024 NASCAR Cup Series Results,https://www.jayski.com/nascar-cup-series/2024-nascar-cup-series-results/,Secondary,FedEx Hamlin at Las Vegas; not confirmed FedEx scheme this race,No,Tier 3,0.6
3,Pennzoil 400,2024-03-03,NAPA Auto Parts,2024-03-04,Jayski,2024 NASCAR Cup Series Results,https://www.jayski.com/nascar-cup-series/2024-nascar-cup-series-results/,Secondary,NAPA Elliott at Las Vegas; LLumar scheme confirmed per Jayski,No,Tier 3,0.6
3,Pennzoil 400,2024-03-03,Love's Travel Stops,2024-03-04,TobyChristie.com,"Love's Reveals 2024 Primary Sponsorship Schedule for McDowell, Riggs",https://tobychristie.com/nascar/cup-series/loves-reveals-2024-primary-sponsorship-schedule-for-mcdowell-riggs/,Primary,Love's confirmed primary for Las Vegas per sponsorship schedule,Yes,Tier 3,0.6
4,Shriners Children's 500,2024-03-10,FedEx,2024-03-11,Jayski,2024 NASCAR Cup Series Results,https://www.jayski.com/nascar-cup-series/2024-nascar-cup-series-results/,Secondary,FedEx Hamlin at Phoenix spring race,No,Tier 3,0.6
4,Shriners Children's 500,2024-03-10,NAPA Auto Parts,2024-03-11,Jayski,2024 NASCAR Cup Series #9 Hendrick Motorsports paint schemes,https://www.jayski.com/paint-schemes/cup-series-paint-schemes/2024-nascar-cup-series-9-hendrick-motorsports-paint-schemes/,Secondary,Kelley Blue Book scheme confirmed; NAPA not primary at Phoenix spring,No,Tier 3,0.6
5,Food City 500,2024-03-17,FedEx,2024-03-18,Jayski,2024 NASCAR Cup Series Results,https://www.jayski.com/nascar-cup-series/2024-nascar-cup-series-results/,Secondary,FedEx Hamlin at Bristol concrete spring race,No,Tier 3,0.6
5,Food City 500,2024-03-17,NAPA Auto Parts,2024-03-18,Jayski,2024 NASCAR Cup Series #9 Hendrick Motorsports paint schemes,https://www.jayski.com/paint-schemes/cup-series-paint-schemes/2024-nascar-cup-series-9-hendrick-motorsports-paint-schemes/,Secondary,NAPA Auto Parts confirmed primary at Bristol spring,Yes,Tier 3,0.6
5,Food City 500,2024-03-17,McDonald's,2024-03-18,Jayski,2024 NASCAR Cup Series #23 23XI Racing paint schemes,https://www.jayski.com/paint-schemes/cup-series-paint-schemes/2024-nascar-cup-series-23-23xi-racing-paint-schemes/,Secondary,Leidos scheme confirmed; McDonald's not primary at Bristol,No,Tier 3,0.6
6,EchoPark Grand Prix COTA,2024-03-24,FedEx,2024-03-25,EssentiallySports,Denny Hamlin's Iconic Sponsor Pens Heartfelt Note Amidst Farewell Surprise,https://www.essentiallysports.com/nascar-news-denny-hamlins-iconic-sixty-two-point-twenty-seven-billion-sponsor-pens-heartfelt-note-amidst-farewell-surprise/,Primary,FedEx farewell note to Hamlin ahead of COTA race widely covered,Yes,Tier 3,0.6
6,EchoPark Grand Prix COTA,2024-03-24,NAPA Auto Parts,2024-03-25,Jayski,2024 NASCAR Cup Series Results,https://www.jayski.com/nascar-cup-series/2024-nascar-cup-series-results/,Secondary,NAPA Elliott at COTA road course,Yes,Tier 3,0.6
6,EchoPark Grand Prix COTA,2024-03-24,McDonald's,2024-03-25,Jayski,2024 NASCAR Cup Series #23 23XI Racing paint schemes,https://www.jayski.com/paint-schemes/cup-series-paint-schemes/2024-nascar-cup-series-23-23xi-racing-paint-schemes/,Secondary,Mobil 1 scheme at COTA; McDonald's not primary,No,Tier 3,0.6
7,Cookout 400 Martinsville,2024-04-06,FedEx,2024-04-07,Jayski,2024 NASCAR Cup Series Results,https://www.jayski.com/nascar-cup-series/2024-nascar-cup-series-results/,Secondary,FedEx Hamlin at Martinsville spring race,No,Tier 3,0.6
7,Cookout 400 Martinsville,2024-04-06,NAPA Auto Parts,2024-04-07,Jayski,2024 NASCAR Cup Series Results,https://www.jayski.com/nascar-cup-series/2024-nascar-cup-series-results/,Secondary,UniFirst Ruby scheme at Martinsville; NAPA not primary,No,Tier 3,0.6
8,AutoTrader EchoPark 400 Texas,2024-04-14,FedEx,2024-04-15,Jayski,2024 NASCAR Cup Series Results,https://www.jayski.com/nascar-cup-series/2024-nascar-cup-series-results/,Secondary,FedEx Hamlin at Texas Motor Speedway,No,Tier 3,0.6
8,AutoTrader EchoPark 400 Texas,2024-04-14,NAPA Auto Parts,2024-04-15,Jayski,2024 NASCAR Cup Series Results,https://www.jayski.com/nascar-cup-series/2024-nascar-cup-series-results/,Secondary,Hooters scheme at Texas; NAPA not primary; Elliott wins,Yes,Tier 3,0.6
9,GEICO 500 Talladega,2024-04-21,FedEx,2024-04-22,Jayski,2024 NASCAR Cup Series Results,https://www.jayski.com/nascar-cup-series/2024-nascar-cup-series-results/,Secondary,FedEx Hamlin at Talladega spring superspeedway race,No,Tier 3,0.6
9,GEICO 500 Talladega,2024-04-21,NAPA Auto Parts,2024-04-22,Jayski,2024 NASCAR Cup Series #9 Hendrick Motorsports paint schemes,https://www.jayski.com/paint-schemes/cup-series-paint-schemes/2024-nascar-cup-series-9-hendrick-motorsports-paint-schemes/,Secondary,NAPA Auto Parts confirmed at Talladega spring,Yes,Tier 3,0.6
9,GEICO 500 Talladega,2024-04-21,Love's Travel Stops,2024-04-22,TobyChristie.com,"Love's Reveals 2024 Primary Sponsorship Schedule for McDowell, Riggs",https://tobychristie.com/nascar/cup-series/loves-reveals-2024-primary-sponsorship-schedule-for-mcdowell-riggs/,Primary,Love's confirmed primary for Talladega spring,Yes,Tier 3,0.6
10,AdventHealth 400 Kansas,2024-05-05,FedEx,2024-05-06,Jayski,2024 NASCAR Cup Series Results,https://www.jayski.com/nascar-cup-series/2024-nascar-cup-series-results/,Secondary,FedEx Hamlin at Kansas spring race,No,Tier 3,0.6
10,AdventHealth 400 Kansas,2024-05-05,NAPA Auto Parts,2024-05-06,Jayski,2024 NASCAR Cup Series Results,https://www.jayski.com/nascar-cup-series/2024-nascar-cup-series-results/,Secondary,NAPA Elliott at Kansas spring race,Yes,Tier 3,0.6
11,Wurth 400 Dover,2024-04-28,FedEx,2024-04-29,Jayski,2024 NASCAR Cup Series Results,https://www.jayski.com/nascar-cup-series/2024-nascar-cup-series-results/,Primary,FedEx Hamlin wins at Dover; first win of 2024 season,Yes,Tier 3,0.6
11,Wurth 400 Dover,2024-04-28,NAPA Auto Parts,2024-04-29,Jayski,2024 NASCAR Cup Series Results,https://www.jayski.com/nascar-cup-series/2024-nascar-cup-series-results/,Secondary,NAPA Elliott at Dover; result listed,Yes,Tier 3,0.6
12,Goodyear 400 Darlington Spring,2024-05-12,FedEx,2024-05-13,Jayski,2024 NASCAR Cup Series Results,https://www.jayski.com/nascar-cup-series/2024-nascar-cup-series-results/,Secondary,FedEx Hamlin at Darlington spring race,No,Tier 3,0.6
12,Goodyear 400 Darlington Spring,2024-05-12,NAPA Auto Parts,2024-05-13,Jayski,2024 NASCAR Cup Series Results,https://www.jayski.com/nascar-cup-series/2024-nascar-cup-series-results/,Secondary,NAPA Elliott at Darlington spring race,Yes,Tier 3,0.6
13,NASCAR All-Star Race,2024-05-19,FedEx,2024-05-20,Jayski,2024 NASCAR Cup Series Results,https://www.jayski.com/nascar-cup-series/2024-nascar-cup-series-results/,Secondary,FedEx Hamlin participates in All-Star Race at North Wilkesboro,No,Tier 3,0.6
14,Coca-Cola 600,2024-05-26,FedEx,2024-05-27,NASCAR.com,Christopher Bell lands victory in rain-shortened Coca-Cola 600,https://www.nascar.com/news-media/2024/05/26/results-cup-series-2024-charlotte-coca-cola-600-race-recap/,Secondary,FedEx #11 Hamlin finishes 5th in rain-shortened 600,Yes,Tier 1,1.0
14,Coca-Cola 600,2024-05-26,FedEx,2024-05-27,TobyChristie.com,Race Results: 2024 NCS Coca-Cola 600 at Charlotte,https://tobychristie.com/race-result/race-results-2024-ncs-coca-cola-600-at-charlotte/,Secondary,FedEx Hamlin top-5 finish noted in race results,Yes,Tier 3,0.6
14,Coca-Cola 600,2024-05-26,NAPA Auto Parts,2024-05-27,NASCAR.com,Christopher Bell lands victory in rain-shortened Coca-Cola 600,https://www.nascar.com/news-media/2024/05/26/results-cup-series-2024-charlotte-coca-cola-600-race-recap/,Secondary,NAPA Auto Parts Patriotic scheme; Elliott finishes 7th,Yes,Tier 1,1.0
14,Coca-Cola 600,2024-05-26,NAPA Auto Parts,2024-05-27,Charlotte Motor Speedway / FRCS,2024 Coca-Cola 600 NASCAR CUP Results,https://frcs.pro/nascar/cup/races/results/2024/charlotte-motor-speedway/coca-cola-600,Secondary,NAPA Auto Parts Patriotic scheme noted; Elliott 7th,Yes,Tier 3,0.6
14,Coca-Cola 600,2024-05-26,McDonald's,2024-05-27,Jayski,2024 NASCAR Cup Series #23 23XI Racing paint schemes,https://www.jayski.com/paint-schemes/cup-series-paint-schemes/2024-nascar-cup-series-23-23xi-racing-paint-schemes/,Secondary,McDonald's scheme not confirmed for Coca-Cola 600; Wallace listed in results,No,Tier 3,0.6
14,Coca-Cola 600,2024-05-26,Love's Travel Stops,2024-05-27,TobyChristie.com,Race Results: 2024 NCS Coca-Cola 600 at Charlotte,https://tobychristie.com/race-result/race-results-2024-ncs-coca-cola-600-at-charlotte/,Secondary,McDowell in results; Love's not confirmed primary at Charlotte 600,No,Tier 3,0.6
15,Enjoy Illinois 300 WWT Raceway,2024-06-02,FedEx,2024-06-03,Jayski,2024 NASCAR Cup Series Results,https://www.jayski.com/nascar-cup-series/2024-nascar-cup-series-results/,Secondary,FedEx Hamlin at World Wide Technology Raceway,No,Tier 3,0.6
15,Enjoy Illinois 300 WWT Raceway,2024-06-02,NAPA Auto Parts,2024-06-03,Jayski,2024 NASCAR Cup Series Results,https://www.jayski.com/nascar-cup-series/2024-nascar-cup-series-results/,Secondary,NAPA Elliott at WWT Raceway road course,Yes,Tier 3,0.6
16,Toyota Save Mart 350 Sonoma,2024-06-09,FedEx,2024-06-10,Jayski,2024 NASCAR Cup Series Results,https://www.jayski.com/nascar-cup-series/2024-nascar-cup-series-results/,Secondary,FedEx Hamlin at Sonoma road course,No,Tier 3,0.6
16,Toyota Save Mart 350 Sonoma,2024-06-09,NAPA Auto Parts,2024-06-10,Jayski,2024 NASCAR Cup Series Results,https://www.jayski.com/nascar-cup-series/2024-nascar-cup-series-results/,Secondary,NAPA Elliott at Sonoma; road course specialist,Yes,Tier 3,0.6
17,Iowa Corn 350,2024-06-16,FedEx,2024-06-17,Jayski,2024 NASCAR Cup Series Results,https://www.jayski.com/nascar-cup-series/2024-nascar-cup-series-results/,Secondary,FedEx Hamlin at inaugural Iowa Speedway Cup race,No,Tier 3,0.6
17,Iowa Corn 350,2024-06-16,McDonald's,2024-06-17,Jayski,2024 NASCAR Cup Series #23 23XI Racing paint schemes,https://www.jayski.com/paint-schemes/cup-series-paint-schemes/2024-nascar-cup-series-23-23xi-racing-paint-schemes/,Primary,McDonald's Grimace scheme at Iowa goes viral; major Reddit and social engagement,Yes,Tier 3,0.6
17,Iowa Corn 350,2024-06-16,NAPA Auto Parts,2024-06-17,Jayski,2024 NASCAR Cup Series Results,https://www.jayski.com/nascar-cup-series/2024-nascar-cup-series-results/,Secondary,NAPA Elliott at Iowa inaugural Cup race,Yes,Tier 3,0.6
18,New Hampshire 301,2024-06-23,FedEx,2024-06-24,Jayski,2024 NASCAR Cup Series Results,https://www.jayski.com/nascar-cup-series/2024-nascar-cup-series-results/,Secondary,FedEx Hamlin at New Hampshire Motor Speedway,No,Tier 3,0.6
18,New Hampshire 301,2024-06-23,NAPA Auto Parts,2024-06-24,Jayski,2024 NASCAR Cup Series Results,https://www.jayski.com/nascar-cup-series/2024-nascar-cup-series-results/,Secondary,NAPA Elliott at New Hampshire,Yes,Tier 3,0.6
19,Ally 400 Nashville,2024-06-30,FedEx,2024-07-01,Jayski,2024 NASCAR Cup Series Results,https://www.jayski.com/nascar-cup-series/2024-nascar-cup-series-results/,Secondary,FedEx Hamlin at Nashville Superspeedway,No,Tier 3,0.6
19,Ally 400 Nashville,2024-06-30,NAPA Auto Parts,2024-07-01,Jayski,2024 NASCAR Cup Series Results,https://www.jayski.com/nascar-cup-series/2024-nascar-cup-series-results/,Secondary,NAPA Elliott at Nashville; Logano wins,Yes,Tier 3,0.6
19,Ally 400 Nashville,2024-06-30,Love's Travel Stops,2024-07-01,TobyChristie.com,"Love's Reveals 2024 Primary Sponsorship Schedule for McDowell, Riggs",https://tobychristie.com/nascar/cup-series/loves-reveals-2024-primary-sponsorship-schedule-for-mcdowell-riggs/,Primary,Love's confirmed primary for McDowell at Nashville,Yes,Tier 3,0.6
20,Grant Park 165 Chicago,2024-07-07,FedEx,2024-07-08,Jayski,2024 NASCAR Cup Series Results,https://www.jayski.com/nascar-cup-series/2024-nascar-cup-series-results/,Secondary,FedEx Hamlin at Chicago street course; Bowman wins,No,Tier 3,0.6
20,Grant Park 165 Chicago,2024-07-07,NAPA Auto Parts,2024-07-08,Jayski,2024 NASCAR Cup Series Results,https://www.jayski.com/nascar-cup-series/2024-nascar-cup-series-results/,Secondary,NAPA Elliott at Chicago street course,Yes,Tier 3,0.6
21,GreatClips 200 Pocono,2024-07-14,FedEx,2024-07-15,Jayski,2024 NASCAR Cup Series Results,https://www.jayski.com/nascar-cup-series/2024-nascar-cup-series-results/,Secondary,FedEx Hamlin at Pocono Raceway; Blaney wins,No,Tier 3,0.6
21,GreatClips 200 Pocono,2024-07-14,NAPA Auto Parts,2024-07-15,Jayski,2024 NASCAR Cup Series Results,https://www.jayski.com/nascar-cup-series/2024-nascar-cup-series-results/,Secondary,NAPA Elliott at Pocono; result listed,Yes,Tier 3,0.6
22,Brickyard 400 Indianapolis,2024-07-21,FedEx,2024-07-22,Jayski,2024 NASCAR Cup Series Results,https://www.jayski.com/nascar-cup-series/2024-nascar-cup-series-results/,Secondary,FedEx Hamlin at Indianapolis oval; 30th anniversary Brickyard,No,Tier 3,0.6
22,Brickyard 400 Indianapolis,2024-07-21,NAPA Auto Parts,2024-07-22,Jayski,2024 NASCAR Cup Series Results,https://www.jayski.com/nascar-cup-series/2024-nascar-cup-series-results/,Secondary,NAPA Elliott at Indianapolis oval race,Yes,Tier 3,0.6
23,Cook Out 400 Richmond,2024-08-11,FedEx,2024-08-12,Jayski,2024 NASCAR Cup Series Results,https://www.jayski.com/nascar-cup-series/2024-nascar-cup-series-results/,Primary,FedEx Hamlin wins at Richmond; second win of 2024 season,Yes,Tier 3,0.6
23,Cook Out 400 Richmond,2024-08-11,McDonald's,2024-08-12,Jayski,2024 NASCAR Cup Series #23 23XI Racing paint schemes,https://www.jayski.com/paint-schemes/cup-series-paint-schemes/2024-nascar-cup-series-23-23xi-racing-paint-schemes/,Primary,McDonald's confirmed primary at Richmond; Wallace competes,Yes,Tier 3,0.6
23,Cook Out 400 Richmond,2024-08-11,NAPA Auto Parts,2024-08-12,Jayski,2024 NASCAR Cup Series Results,https://www.jayski.com/nascar-cup-series/2024-nascar-cup-series-results/,Secondary,NAPA Elliott at Richmond; result listed,Yes,Tier 3,0.6
24,FireKeepers Casino 400 Michigan,2024-08-18,FedEx,2024-08-19,Jayski,2024 NASCAR Cup Series Results,https://www.jayski.com/nascar-cup-series/2024-nascar-cup-series-results/,Secondary,FedEx Hamlin at Michigan International Speedway,No,Tier 3,0.6
24,FireKeepers Casino 400 Michigan,2024-08-18,McDonald's,2024-08-19,Jayski,2024 NASCAR Cup Series #23 23XI Racing paint schemes,https://www.jayski.com/paint-schemes/cup-series-paint-schemes/2024-nascar-cup-series-23-23xi-racing-paint-schemes/,Primary,McDonald's confirmed primary at Michigan per Jayski paint scheme records,Yes,Tier 3,0.6
24,FireKeepers Casino 400 Michigan,2024-08-18,NAPA Auto Parts,2024-08-19,Jayski,2024 NASCAR Cup Series Results,https://www.jayski.com/nascar-cup-series/2024-nascar-cup-series-results/,Secondary,NAPA Auto Parts confirmed at Michigan per Jayski,Yes,Tier 3,0.6
25,Coke Zero Sugar 400 Daytona,2024-08-24,FedEx,2024-08-25,Jayski,2024 NASCAR Cup Series Results,https://www.jayski.com/nascar-cup-series/2024-nascar-cup-series-results/,Secondary,FedEx Hamlin at Daytona summer race; Burton wins upset,No,Tier 3,0.6
25,Coke Zero Sugar 400 Daytona,2024-08-24,NAPA Auto Parts,2024-08-25,Jayski,2024 NASCAR Cup Series #9 Hendrick Motorsports paint schemes,https://www.jayski.com/paint-schemes/cup-series-paint-schemes/2024-nascar-cup-series-9-hendrick-motorsports-paint-schemes/,Secondary,NAPA Auto Parts confirmed at Daytona summer race,Yes,Tier 3,0.6
26,Go Bowling 250 Bristol Dirt,2024-09-06,FedEx,2024-09-07,Jayski,2024 NASCAR Cup Series Results,https://www.jayski.com/nascar-cup-series/2024-nascar-cup-series-results/,Secondary,FedEx Hamlin at Bristol; Hamlin wins third race of 2024,Yes,Tier 3,0.6
26,Go Bowling 250 Bristol Dirt,2024-09-06,NAPA Auto Parts,2024-09-07,Jayski,2024 NASCAR Cup Series Results,https://www.jayski.com/nascar-cup-series/2024-nascar-cup-series-results/,Secondary,NAPA Elliott at Bristol dirt; result listed,Yes,Tier 3,0.6
27,Cook Out Southern 500,2024-09-01,FedEx,2024-09-02,NASCAR.com,Chase Briscoe stuns with Southern 500 win claims playoff spot in finale,https://www.nascar.com/news-media/2024/09/01/cup-series-southern-500-darlington-race-recap/,Secondary,FedEx Hamlin finishes 7th; named in top-10 recap,Yes,Tier 1,1.0
27,Cook Out Southern 500,2024-09-01,FedEx,2024-09-02,Racing America,Race Results: 2024 NASCAR Cup Series Cook Out Southern 500 at Darlington,https://www.racingamerica.com/news/nascar/race-results-2024-nascar-cup-series-cook-out-southern-500-at-darlington,Secondary,FedEx #11 Hamlin result covered in full race results,Yes,Tier 3,0.6
27,Cook Out Southern 500,2024-09-01,NAPA Auto Parts,2024-09-01,Jayski,2024 NASCAR Cup Series #9 Hendrick Motorsports paint schemes,https://www.jayski.com/paint-schemes/cup-series-paint-schemes/2024-nascar-cup-series-9-hendrick-motorsports-paint-schemes/,Secondary,NAPA Gold Filters throwback scheme confirmed for Darlington,Yes,Tier 3,0.6
27,Cook Out Southern 500,2024-09-01,McDonald's,2024-09-01,NASCAR.com,Cook Out Southern 500 Loop Data Results Darlington Raceway,https://frcs.pro/nascar/cup/races/loopdata/2024/darlington-raceway/cook-out-southern-500,Primary,Wallace wins pole for Southern 500; MJ on pit wall; major coverage,Yes,Tier 1,1.0
27,Cook Out Southern 500,2024-09-01,McDonald's,2024-09-02,NASCAR.com,Chase Briscoe stuns with Southern 500 win claims playoff spot in finale,https://www.nascar.com/news-media/2024/09/01/cup-series-southern-500-darlington-race-recap/,Secondary,"Wallace contends for playoff spot late; MJ ownership, McDonald's car visible",Yes,Tier 1,1.0
27,Cook Out Southern 500,2024-09-01,Love's Travel Stops,2024-09-02,Racing America,Race Results: 2024 NASCAR Cup Series Cook Out Southern 500 at Darlington,https://www.racingamerica.com/news/nascar/race-results-2024-nascar-cup-series-cook-out-southern-500-at-darlington,Secondary,McDowell result listed; Love's not confirmed primary for Darlington,No,Tier 3,0.6
28,Quaker State 400 Atlanta,2024-09-08,FedEx,2024-09-09,Jayski,2024 NASCAR Cup Series Results,https://www.jayski.com/nascar-cup-series/2024-nascar-cup-series-results/,Secondary,FedEx Hamlin in Round of 16 playoff opener at Atlanta,Yes,Tier 3,0.6
28,Quaker State 400 Atlanta,2024-09-08,NAPA Auto Parts,2024-09-09,Jayski,2024 NASCAR Cup Series Results,https://www.jayski.com/nascar-cup-series/2024-nascar-cup-series-results/,Secondary,NAPA Elliott in Round of 16; advances in playoffs,Yes,Tier 3,0.6
28,Quaker State 400 Atlanta,2024-09-08,McDonald's,2024-09-09,Jayski,2024 NASCAR Cup Series #23 23XI Racing paint schemes,https://www.jayski.com/paint-schemes/cup-series-paint-schemes/2024-nascar-cup-series-23-23xi-racing-paint-schemes/,Secondary,Wallace at Atlanta; McDonald's scheme not confirmed for this race,No,Tier 3,0.6
29,Go Bowling at the Glen Watkins Glen,2024-09-15,FedEx,2024-09-16,Jayski,2024 NASCAR Cup Series Results,https://www.jayski.com/nascar-cup-series/2024-nascar-cup-series-results/,Secondary,FedEx Hamlin at Watkins Glen road course in Round of 16,Yes,Tier 3,0.6
29,Go Bowling at the Glen Watkins Glen,2024-09-15,NAPA Auto Parts,2024-09-16,Jayski,2024 NASCAR Cup Series Results,https://www.jayski.com/nascar-cup-series/2024-nascar-cup-series-results/,Secondary,NAPA Elliott at Watkins Glen; road course Round of 16,Yes,Tier 3,0.6
30,Bass Pro Shops Night Race Bristol,2024-09-21,FedEx,2024-09-22,Jayski,2024 NASCAR Cup Series Results,https://www.jayski.com/nascar-cup-series/2024-nascar-cup-series-results/,Secondary,FedEx Hamlin at Bristol night race; advances from Round of 16,Yes,Tier 3,0.6
30,Bass Pro Shops Night Race Bristol,2024-09-21,NAPA Auto Parts,2024-09-22,Jayski,2024 NASCAR Cup Series Results,https://www.jayski.com/nascar-cup-series/2024-nascar-cup-series-results/,Secondary,NAPA Elliott advances from Round of 16 at Bristol night race,Yes,Tier 3,0.6
31,Hollywood Casino 400 Kansas,2024-09-29,FedEx,2024-09-30,Jayski,2024 NASCAR Cup Series Results,https://www.jayski.com/nascar-cup-series/2024-nascar-cup-series-results/,Secondary,FedEx Hamlin competes in Round of 12 at Kansas,Yes,Tier 3,0.6
31,Hollywood Casino 400 Kansas,2024-09-29,NAPA Auto Parts,2024-09-30,Jayski,2024 NASCAR Cup Series Results,https://www.jayski.com/nascar-cup-series/2024-nascar-cup-series-results/,Secondary,NAPA Elliott at Kansas; Round of 12 coverage,Yes,Tier 3,0.6
31,Hollywood Casino 400 Kansas,2024-09-29,Love's Travel Stops,2024-09-30,TobyChristie.com,"Love's Reveals 2024 Primary Sponsorship Schedule for McDowell, Riggs",https://tobychristie.com/nascar/cup-series/loves-reveals-2024-primary-sponsorship-schedule-for-mcdowell-riggs/,Secondary,Love's not confirmed primary at Kansas; McDowell races,No,Tier 3,0.6
32,YellaWood 500 Talladega,2024-10-06,FedEx,2024-10-07,Jayski,2024 NASCAR Cup Series Results,https://www.jayski.com/nascar-cup-series/2024-nascar-cup-series-results/,Secondary,FedEx Hamlin at Talladega fall superspeedway in Round of 12,Yes,Tier 3,0.6
32,YellaWood 500 Talladega,2024-10-06,NAPA Auto Parts,2024-10-07,Jayski,2024 NASCAR Cup Series Results,https://www.jayski.com/nascar-cup-series/2024-nascar-cup-series-results/,Secondary,NAPA Elliott at Talladega fall; survives to Round of 8,Yes,Tier 3,0.6
32,YellaWood 500 Talladega,2024-10-06,Love's Travel Stops,2024-10-07,TobyChristie.com,"Love's Reveals 2024 Primary Sponsorship Schedule for McDowell, Riggs",https://tobychristie.com/nascar/cup-series/loves-reveals-2024-primary-sponsorship-schedule-for-mcdowell-riggs/,Primary,Love's confirmed primary at Talladega fall per schedule,Yes,Tier 3,0.6
33,Bank of America ROVAL 400 Charlotte,2024-10-13,FedEx,2024-10-14,Jayski,2024 NASCAR Cup Series Results,https://www.jayski.com/nascar-cup-series/2024-nascar-cup-series-results/,Secondary,FedEx Hamlin eliminated at Charlotte ROVAL in Round of 12,Yes,Tier 3,0.6
33,Bank of America ROVAL 400 Charlotte,2024-10-13,NAPA Auto Parts,2024-10-14,Jayski,2024 NASCAR Cup Series Results,https://www.jayski.com/nascar-cup-series/2024-nascar-cup-series-results/,Secondary,NAPA Elliott advances to Round of 8 from Charlotte ROVAL,Yes,Tier 3,0.6
34,South Point 400 Las Vegas,2024-10-20,FedEx,2024-10-21,Jayski,2024 NASCAR Cup Series #11 Joe Gibbs Racing paint schemes,https://www.jayski.com/paint-schemes/cup-series-paint-schemes/2024-nascar-cup-series-11-joe-gibbs-racing-paint-schemes/,Secondary,FedEx not primary at Las Vegas fall; Hamlin eliminated from playoffs,Yes,Tier 3,0.6
34,South Point 400 Las Vegas,2024-10-20,NAPA Auto Parts,2024-10-21,Jayski,2024 NASCAR Cup Series Results,https://www.jayski.com/nascar-cup-series/2024-nascar-cup-series-results/,Secondary,NAPA Elliott competes in Round of 8 at Las Vegas,Yes,Tier 3,0.6
35,Straight Talk Wireless 400 Homestead,2024-10-27,NAPA Auto Parts,2024-10-28,Jayski,2024 NASCAR Cup Series Results,https://www.jayski.com/nascar-cup-series/2024-nascar-cup-series-results/,Secondary,NAPA Elliott at Homestead in Round of 8,Yes,Tier 3,0.6
35,Straight Talk Wireless 400 Homestead,2024-10-27,McDonald's,2024-10-28,Jayski,2024 NASCAR Cup Series #23 23XI Racing paint schemes,https://www.jayski.com/paint-schemes/cup-series-paint-schemes/2024-nascar-cup-series-23-23xi-racing-paint-schemes/,Primary,McDonald's/RMHC confirmed as primary at Homestead per Jayski,Yes,Tier 3,0.6
35,Straight Talk Wireless 400 Homestead,2024-10-27,Love's Travel Stops,2024-10-28,TobyChristie.com,"Love's Reveals 2024 Primary Sponsorship Schedule for McDowell, Riggs",https://tobychristie.com/nascar/cup-series/loves-reveals-2024-primary-sponsorship-schedule-for-mcdowell-riggs/,Primary,Love's confirmed primary at Homestead per schedule,Yes,Tier 3,0.6
36,Xfinity 500 Martinsville,2024-11-03,NAPA Auto Parts,2024-11-04,Jayski,2024 NASCAR Cup Series Results,https://www.jayski.com/nascar-cup-series/2024-nascar-cup-series-results/,Secondary,NAPA Elliott eliminated at Martinsville; misses Championship 4,Yes,Tier 3,0.6
37,NASCAR Cup Championship Phoenix,2024-11-10,FedEx,2024-11-11,Jayski,End of an era: Denny Hamlin reflects on 20 seasons with FedEx sponsorship,https://www.jayski.com/2024/11/11/end-of-an-era-denny-hamlin-reflects-on-20-seasons-with-fedex-sponsorship/,Primary,FedEx final race ever; Hamlin tribute video generates major coverage,Yes,Tier 3,0.6
37,NASCAR Cup Championship Phoenix,2024-11-10,FedEx,2024-11-11,Newsweek,Denny Hamlin Parts Ways with Long-Term Partner After Phoenix Raceway,https://www.newsweek.com/sports/racing/denny-hamlin-parts-ways-long-term-partner-after-phoenix-raceway-1983594,Primary,FedEx exit confirmed post-race; 20-year partnership ends,Yes,Tier 3,0.6
37,NASCAR Cup Championship Phoenix,2024-11-10,FedEx,2024-11-11,RACER,Hamlin FedEx exchange goodbyes ahead of Cup finale at Phoenix,https://racer.com/2024/11/10/hamlin-fedex-exchange-goodbyes-ahead-of-cup-finale-at-phoenix,Primary,FedEx farewell social exchange; final race coverage,Yes,Tier 3,0.6
37,NASCAR Cup Championship Phoenix,2024-11-10,FedEx,2024-11-11,Sportskeeda,Denny Hamlin posts thank you video for longtime sponsor ahead of uncertain future,https://www.sportskeeda.com/nascar/news-denny-hamlin-posts-thank-you-video-longtime-sponsor-ahead-uncertain-future,Primary,FedEx sponsorship end confirmed by Hamlin post-race,Yes,Tier 3,0.6
37,NASCAR Cup Championship Phoenix,2024-11-10,FedEx,2024-11-11,FanBuzz,Phoenix marks end of major NASCAR sponsorship deal,https://fanbuzz.com/racing/phoenix-marks-end-of-major-sponsorship-deal-denny-hamlin-fedex/,Primary,FedEx final race recap; Hamlin 11th; partnership retrospective,Yes,Tier 3,0.6
37,NASCAR Cup Championship Phoenix,2024-11-10,NAPA Auto Parts,2024-11-11,NBC Sports,Results and final 2024 points after NASCAR Cup championship race at Phoenix Raceway,https://www.nbcsports.com/nascar/news/results-points-after-nascar-2024-cup-championship-race-at-phoenix-raceway-won-by-joey-logano-roger-penske,Secondary,NAPA Elliott finishes 8th at Championship race,Yes,Tier 1,1.0
37,NASCAR Cup Championship Phoenix,2024-11-10,NAPA Auto Parts,2024-11-11,Racing America,Race Results: 2024 NCS Championship Race at Phoenix Raceway,https://www.si.com/onsi/racing-america/results/race-results-2024-nascar-cup-series-championship-race-at-phoenix-01jcc827z6k8,Secondary,NAPA Elliott top-10 finish in season finale,Yes,Tier 3,0.6
37,NASCAR Cup Championship Phoenix,2024-11-10,McDonald's,2024-11-11,NBC Sports,Results and final 2024 points after NASCAR Cup championship race at Phoenix Raceway,https://www.nbcsports.com/nascar/news/results-points-after-nascar-2024-cup-championship-race-at-phoenix-raceway-won-by-joey-logano-roger-penske,Secondary,McDonald's Wallace finishes 7th in season finale,Yes,Tier 1,1.0
37,NASCAR Cup Championship Phoenix,2024-11-10,McDonald's,2024-11-11,PlanetF1,NASCAR results: Cup Series Championship results after Phoenix,https://www.planetf1.com/news/nascar-results-cup-series-championship-2024-results,Secondary,Wallace 7th; McDonald's #23 in top-10 at championship race,Yes,Tier 3,0.6
37,NASCAR Cup Championship Phoenix,2024-11-10,Love's Travel Stops,2024-11-11,TobyChristie.com,NASCAR Cup Series Championship Race Results Phoenix,https://tobychristie.com/race-result/race-results-2024-ncs-championship-race-at-phoenix-raceway/,Secondary,McDowell listed 31st; Love's not confirmed primary for Phoenix,No,Tier 3,0.6
