sponsor,search_term,week_date,interest_score,race_period
FedEx,FedEx NASCAR,2024-02-18,0,Daytona
FedEx,FedEx NASCAR,2024-02-19,100,Daytona
FedEx,FedEx NASCAR,2024-02-20,0,Daytona
FedEx,FedEx NASCAR,2024-02-21,0,Daytona
FedEx,FedEx NASCAR,2024-02-22,0,Daytona
FedEx,FedEx NASCAR,2024-02-23,0,Daytona
FedEx,FedEx NASCAR,2024-02-24,0,Daytona
FedEx,FedEx NASCAR,2024-02-25,0,Atlanta
FedEx,FedEx NASCAR,2024-02-26,0,Atlanta
FedEx,FedEx NASCAR,2024-02-27,0,Atlanta
FedEx,FedEx NASCAR,2024-02-28,0,Atlanta
FedEx,FedEx NASCAR,2024-02-29,0,Atlanta
FedEx,FedEx NASCAR,2024-03-01,0,Atlanta
FedEx,FedEx NASCAR,2024-03-02,0,Atlanta
FedEx,FedEx NASCAR,2024-03-03,0,Atlanta
FedEx,FedEx NASCAR,2024-03-04,0,Las Vegas
FedEx,FedEx NASCAR,2024-03-05,0,Las Vegas
FedEx,FedEx NASCAR,2024-03-06,0,Las Vegas
FedEx,FedEx NASCAR,2024-03-07,0,Las Vegas
FedEx,FedEx NASCAR,2024-03-08,0,Las Vegas
FedEx,FedEx NASCAR,2024-03-09,0,Las Vegas
FedEx,FedEx NASCAR,2024-03-10,0,Las Vegas
FedEx,FedEx NASCAR,2024-03-11,0,Phoenix
FedEx,FedEx NASCAR,2024-03-12,0,Phoenix
FedEx,FedEx NASCAR,2024-03-13,0,Phoenix
FedEx,FedEx NASCAR,2024-03-14,0,Phoenix
FedEx,FedEx NASCAR,2024-03-15,0,Phoenix
FedEx,FedEx NASCAR,2024-03-16,0,Phoenix
FedEx,FedEx NASCAR,2024-03-17,0,Phoenix
FedEx,FedEx NASCAR,2024-03-18,0,Phoenix
FedEx,FedEx NASCAR,2024-03-19,0,Bristol
FedEx,FedEx NASCAR,2024-03-20,0,Bristol
FedEx,FedEx NASCAR,2024-03-21,0,Bristol
FedEx,FedEx NASCAR,2024-03-22,0,Bristol
FedEx,FedEx NASCAR,2024-03-23,0,Bristol
FedEx,FedEx NASCAR,2024-03-24,0,Bristol
FedEx,FedEx NASCAR,2024-03-25,0,Bristol
FedEx,FedEx NASCAR,2024-03-26,0,Bristol
FedEx,FedEx NASCAR,2024-03-27,0,COTA
FedEx,FedEx NASCAR,2024-03-28,0,COTA
FedEx,FedEx NASCAR,2024-03-29,0,COTA
FedEx,FedEx NASCAR,2024-03-30,0,COTA
FedEx,FedEx NASCAR,2024-03-31,0,COTA
FedEx,FedEx NASCAR,2024-04-01,0,COTA
FedEx,FedEx NASCAR,2024-04-02,0,COTA
FedEx,FedEx NASCAR,2024-04-03,0,Richmond
FedEx,FedEx NASCAR,2024-04-04,0,Richmond
FedEx,FedEx NASCAR,2024-04-05,0,Richmond
FedEx,FedEx NASCAR,2024-04-06,0,Richmond
FedEx,FedEx NASCAR,2024-04-07,0,Richmond
FedEx,FedEx NASCAR,2024-04-08,0,Richmond
FedEx,FedEx NASCAR,2024-04-09,0,Richmond
FedEx,FedEx NASCAR,2024-04-10,0,Richmond
FedEx,FedEx NASCAR,2024-04-11,0,Martinsville
FedEx,FedEx NASCAR,2024-04-12,0,Martinsville
FedEx,FedEx NASCAR,2024-04-13,0,Martinsville
FedEx,FedEx NASCAR,2024-04-14,0,Martinsville
FedEx,FedEx NASCAR,2024-04-15,0,Martinsville
FedEx,FedEx NASCAR,2024-04-16,0,Martinsville
FedEx,FedEx NASCAR,2024-04-17,0,Martinsville
FedEx,FedEx NASCAR,2024-04-18,0,Texas
FedEx,FedEx NASCAR,2024-04-19,0,Texas
FedEx,FedEx NASCAR,2024-04-20,0,Texas
FedEx,FedEx NASCAR,2024-04-21,0,Texas
FedEx,FedEx NASCAR,2024-04-22,0,Texas
FedEx,FedEx NASCAR,2024-04-23,0,Texas
FedEx,FedEx NASCAR,2024-04-24,0,Texas
FedEx,FedEx NASCAR,2024-04-25,0,Texas
FedEx,FedEx NASCAR,2024-04-26,0,Talladega
FedEx,FedEx NASCAR,2024-04-27,0,Talladega
FedEx,FedEx NASCAR,2024-04-28,0,Talladega
FedEx,FedEx NASCAR,2024-04-29,0,Talladega
FedEx,FedEx NASCAR,2024-04-30,0,Talladega
FedEx,FedEx NASCAR,2024-05-01,0,Talladega
FedEx,FedEx NASCAR,2024-05-02,0,Talladega
FedEx,FedEx NASCAR,2024-05-03,0,Talladega
FedEx,FedEx NASCAR,2024-05-04,0,Dover
FedEx,FedEx NASCAR,2024-05-05,0,Dover
FedEx,FedEx NASCAR,2024-05-06,0,Dover
FedEx,FedEx NASCAR,2024-05-07,0,Dover
FedEx,FedEx NASCAR,2024-05-08,0,Dover
FedEx,FedEx NASCAR,2024-05-09,0,Dover
FedEx,FedEx NASCAR,2024-05-10,0,Dover
FedEx,FedEx NASCAR,2024-05-11,0,Kansas
FedEx,FedEx NASCAR,2024-05-12,0,Kansas
FedEx,FedEx NASCAR,2024-05-13,0,Kansas
FedEx,FedEx NASCAR,2024-05-14,0,Kansas
FedEx,FedEx NASCAR,2024-05-15,0,Kansas
FedEx,FedEx NASCAR,2024-05-16,0,Kansas
FedEx,FedEx NASCAR,2024-05-17,0,Kansas
FedEx,FedEx NASCAR,2024-05-18,0,Kansas
FedEx,FedEx NASCAR,2024-05-19,0,Darlington
FedEx,FedEx NASCAR,2024-05-20,0,Darlington
FedEx,FedEx NASCAR,2024-05-21,0,Darlington
FedEx,FedEx NASCAR,2024-05-22,0,Darlington
FedEx,FedEx NASCAR,2024-05-23,0,Darlington
FedEx,FedEx NASCAR,2024-05-24,0,Darlington
FedEx,FedEx NASCAR,2024-05-25,0,Darlington
FedEx,FedEx NASCAR,2024-05-26,0,Charlotte
FedEx,FedEx NASCAR,2024-05-27,0,Charlotte
FedEx,FedEx NASCAR,2024-05-28,0,Charlotte
FedEx,FedEx NASCAR,2024-05-29,0,Charlotte
FedEx,FedEx NASCAR,2024-05-30,0,Charlotte
FedEx,FedEx NASCAR,2024-05-31,0,Charlotte
FedEx,FedEx NASCAR,2024-06-01,0,Charlotte
FedEx,FedEx NASCAR,2024-06-02,0,Charlotte
FedEx,FedEx NASCAR,2024-06-03,0,Gateway
FedEx,FedEx NASCAR,2024-06-04,0,Gateway
FedEx,FedEx NASCAR,2024-06-05,0,Gateway
FedEx,FedEx NASCAR,2024-06-06,0,Gateway
FedEx,FedEx NASCAR,2024-06-07,0,Gateway
FedEx,FedEx NASCAR,2024-06-08,0,Gateway
FedEx,FedEx NASCAR,2024-06-09,0,Gateway
FedEx,FedEx NASCAR,2024-06-10,0,Gateway
FedEx,FedEx NASCAR,2024-06-11,0,Sonoma
FedEx,FedEx NASCAR,2024-06-12,0,Sonoma
FedEx,FedEx NASCAR,2024-06-13,0,Sonoma
FedEx,FedEx NASCAR,2024-06-14,0,Sonoma
FedEx,FedEx NASCAR,2024-06-15,0,Sonoma
FedEx,FedEx NASCAR,2024-06-16,0,Sonoma
FedEx,FedEx NASCAR,2024-06-17,0,Sonoma
FedEx,FedEx NASCAR,2024-06-18,0,Iowa
FedEx,FedEx NASCAR,2024-06-19,0,Iowa
FedEx,FedEx NASCAR,2024-06-20,0,Iowa
FedEx,FedEx NASCAR,2024-06-21,0,Iowa
FedEx,FedEx NASCAR,2024-06-22,0,Iowa
FedEx,FedEx NASCAR,2024-06-23,0,Iowa
FedEx,FedEx NASCAR,2024-06-24,0,Iowa
FedEx,FedEx NASCAR,2024-06-25,0,Iowa
FedEx,FedEx NASCAR,2024-06-26,0,New Hampshire
FedEx,FedEx NASCAR,2024-06-27,0,New Hampshire
FedEx,FedEx NASCAR,2024-06-28,0,New Hampshire
FedEx,FedEx NASCAR,2024-06-29,0,New Hampshire
FedEx,FedEx NASCAR,2024-06-30,78,New Hampshire
FedEx,FedEx NASCAR,2024-07-01,70,New Hampshire
FedEx,FedEx NASCAR,2024-07-02,0,New Hampshire
FedEx,FedEx NASCAR,2024-07-03,0,Nashville
FedEx,FedEx NASCAR,2024-07-04,0,Nashville
FedEx,FedEx NASCAR,2024-07-05,0,Nashville
FedEx,FedEx NASCAR,2024-07-06,0,Nashville
FedEx,FedEx NASCAR,2024-07-07,0,Nashville
FedEx,FedEx NASCAR,2024-07-08,0,Nashville
FedEx,FedEx NASCAR,2024-07-09,0,Nashville
FedEx,FedEx NASCAR,2024-07-10,0,Nashville
FedEx,FedEx NASCAR,2024-07-11,0,Chicago Street Course
FedEx,FedEx NASCAR,2024-07-12,0,Chicago Street Course
FedEx,FedEx NASCAR,2024-07-13,0,Chicago Street Course
FedEx,FedEx NASCAR,2024-07-14,0,Chicago Street Course
FedEx,FedEx NASCAR,2024-07-15,0,Chicago Street Course
FedEx,FedEx NASCAR,2024-07-16,0,Chicago Street Course
FedEx,FedEx NASCAR,2024-07-17,0,Chicago Street Course
FedEx,FedEx NASCAR,2024-07-18,0,Chicago Street Course
FedEx,FedEx NASCAR,2024-07-19,0,Pocono
FedEx,FedEx NASCAR,2024-07-20,0,Pocono
FedEx,FedEx NASCAR,2024-07-21,0,Pocono
FedEx,FedEx NASCAR,2024-07-22,0,Pocono
FedEx,FedEx NASCAR,2024-07-23,0,Pocono
FedEx,FedEx NASCAR,2024-07-24,0,Pocono
FedEx,FedEx NASCAR,2024-07-25,0,Pocono
FedEx,FedEx NASCAR,2024-07-26,0,Indianapolis
FedEx,FedEx NASCAR,2024-07-27,0,Indianapolis
FedEx,FedEx NASCAR,2024-07-28,0,Indianapolis
FedEx,FedEx NASCAR,2024-07-29,0,Indianapolis
FedEx,FedEx NASCAR,2024-07-30,0,Indianapolis
FedEx,FedEx NASCAR,2024-07-31,0,Indianapolis
FedEx,FedEx NASCAR,2024-08-01,0,Indianapolis
FedEx,FedEx NASCAR,2024-08-02,0,Indianapolis
FedEx,FedEx NASCAR,2024-08-03,0,Indianapolis
FedEx,FedEx NASCAR,2024-08-04,0,Indianapolis
FedEx,FedEx NASCAR,2024-08-05,0,Indianapolis
FedEx,FedEx NASCAR,2024-08-06,0,Indianapolis
FedEx,FedEx NASCAR,2024-08-07,0,Indianapolis
FedEx,FedEx NASCAR,2024-08-08,0,Indianapolis
FedEx,FedEx NASCAR,2024-08-09,0,Indianapolis
FedEx,FedEx NASCAR,2024-08-10,0,Michigan
FedEx,FedEx NASCAR,2024-08-11,0,Michigan
FedEx,FedEx NASCAR,2024-08-12,0,Michigan
FedEx,FedEx NASCAR,2024-08-13,0,Michigan
FedEx,FedEx NASCAR,2024-08-14,0,Michigan
FedEx,FedEx NASCAR,2024-08-15,0,Michigan
FedEx,FedEx NASCAR,2024-08-16,0,Michigan
FedEx,FedEx NASCAR,2024-08-17,0,Michigan
FedEx,FedEx NASCAR,2024-08-18,0,Michigan
FedEx,FedEx NASCAR,2024-08-19,0,Michigan
FedEx,FedEx NASCAR,2024-08-20,0,Michigan
FedEx,FedEx NASCAR,2024-08-21,0,Michigan
FedEx,FedEx NASCAR,2024-08-22,0,Michigan
FedEx,FedEx NASCAR,2024-08-23,0,Michigan
FedEx,FedEx NASCAR,2024-08-24,0,Michigan
FedEx,FedEx NASCAR,2024-08-25,0,Michigan
FedEx,FedEx NASCAR,2024-08-26,0,Michigan
FedEx,FedEx NASCAR,2024-08-27,0,Michigan
FedEx,FedEx NASCAR,2024-08-28,0,Michigan
FedEx,FedEx NASCAR,2024-08-29,0,Michigan
FedEx,FedEx NASCAR,2024-08-30,0,Michigan
FedEx,FedEx NASCAR,2024-08-31,0,Michigan
FedEx,FedEx NASCAR,2024-09-01,0,Michigan
FedEx,FedEx NASCAR,2024-09-02,0,Michigan
FedEx,FedEx NASCAR,2024-09-03,0,Michigan
FedEx,FedEx NASCAR,2024-09-04,0,Michigan
FedEx,FedEx NASCAR,2024-09-05,0,Michigan
FedEx,FedEx NASCAR,2024-09-06,0,Michigan
FedEx,FedEx NASCAR,2024-09-07,0,Michigan
FedEx,FedEx NASCAR,2024-09-08,0,Michigan
FedEx,FedEx NASCAR,2024-09-09,0,Michigan
FedEx,FedEx NASCAR,2024-09-10,0,Watkins Glen
FedEx,FedEx NASCAR,2024-09-11,0,Watkins Glen
FedEx,FedEx NASCAR,2024-09-12,0,Watkins Glen
FedEx,FedEx NASCAR,2024-09-13,0,Watkins Glen
FedEx,FedEx NASCAR,2024-09-14,0,Watkins Glen
FedEx,FedEx NASCAR,2024-09-15,0,Watkins Glen
FedEx,FedEx NASCAR,2024-09-16,0,Watkins Glen
FedEx,FedEx NASCAR,2024-09-17,0,Watkins Glen
FedEx,FedEx NASCAR,2024-09-18,0,Watkins Glen
FedEx,FedEx NASCAR,2024-09-19,0,Watkins Glen
FedEx,FedEx NASCAR,2024-09-20,0,Watkins Glen
FedEx,FedEx NASCAR,2024-09-21,0,Watkins Glen
FedEx,FedEx NASCAR,2024-09-22,0,Watkins Glen
FedEx,FedEx NASCAR,2024-09-23,0,Watkins Glen
FedEx,FedEx NASCAR,2024-09-24,0,Watkins Glen
FedEx,FedEx NASCAR,2024-09-25,0,Watkins Glen
FedEx,FedEx NASCAR,2024-09-26,0,Watkins Glen
FedEx,FedEx NASCAR,2024-09-27,0,Watkins Glen
FedEx,FedEx NASCAR,2024-09-28,0,Watkins Glen
FedEx,FedEx NASCAR,2024-09-29,0,Watkins Glen
FedEx,FedEx NASCAR,2024-09-30,0,Watkins Glen
FedEx,FedEx NASCAR,2024-10-01,0,Watkins Glen
FedEx,FedEx NASCAR,2024-10-02,0,Watkins Glen
FedEx,FedEx NASCAR,2024-10-03,0,Watkins Glen
FedEx,FedEx NASCAR,2024-10-04,0,Watkins Glen
FedEx,FedEx NASCAR,2024-10-05,0,Watkins Glen
FedEx,FedEx NASCAR,2024-10-06,0,Watkins Glen
FedEx,FedEx NASCAR,2024-10-07,0,Watkins Glen
FedEx,FedEx NASCAR,2024-10-08,0,Watkins Glen
FedEx,FedEx NASCAR,2024-10-09,0,Watkins Glen
FedEx,FedEx NASCAR,2024-10-10,0,Charlotte Roval
FedEx,FedEx NASCAR,2024-10-11,0,Charlotte Roval
FedEx,FedEx NASCAR,2024-10-12,0,Charlotte Roval
FedEx,FedEx NASCAR,2024-10-13,0,Charlotte Roval
FedEx,FedEx NASCAR,2024-10-14,0,Charlotte Roval
FedEx,FedEx NASCAR,2024-10-15,0,Charlotte Roval
FedEx,FedEx NASCAR,2024-10-16,0,Charlotte Roval
FedEx,FedEx NASCAR,2024-10-17,0,Charlotte Roval
FedEx,FedEx NASCAR,2024-10-18,0,Charlotte Roval
FedEx,FedEx NASCAR,2024-10-19,0,Charlotte Roval
FedEx,FedEx NASCAR,2024-10-20,0,Charlotte Roval
FedEx,FedEx NASCAR,2024-10-21,0,Charlotte Roval
FedEx,FedEx NASCAR,2024-10-22,0,Charlotte Roval
FedEx,FedEx NASCAR,2024-10-23,0,Charlotte Roval
FedEx,FedEx NASCAR,2024-10-24,0,Charlotte Roval
FedEx,FedEx NASCAR,2024-10-25,0,Homestead
FedEx,FedEx NASCAR,2024-10-26,0,Homestead
FedEx,FedEx NASCAR,2024-10-27,0,Homestead
FedEx,FedEx NASCAR,2024-10-28,0,Homestead
FedEx,FedEx NASCAR,2024-10-29,0,Homestead
FedEx,FedEx NASCAR,2024-10-30,0,Homestead
FedEx,FedEx NASCAR,2024-10-31,0,Homestead
FedEx,FedEx NASCAR,2024-11-01,0,Homestead
FedEx,FedEx NASCAR,2024-11-02,0,Homestead
FedEx,FedEx NASCAR,2024-11-03,0,Homestead
FedEx,FedEx NASCAR,2024-11-04,0,Homestead
FedEx,FedEx NASCAR,2024-11-05,0,Homestead
FedEx,FedEx NASCAR,2024-11-06,0,Homestead
FedEx,FedEx NASCAR,2024-11-07,0,Homestead
FedEx,FedEx NASCAR,2024-11-08,0,Homestead
FedEx,FedEx NASCAR,2024-11-09,0,Homestead
FedEx,FedEx NASCAR,2024-11-10,0,Homestead
NAPA Auto Parts,NAPA NASCAR,2024-02-18,0,Daytona
NAPA Auto Parts,NAPA NASCAR,2024-02-19,0,Daytona
NAPA Auto Parts,NAPA NASCAR,2024-02-20,0,Daytona
NAPA Auto Parts,NAPA NASCAR,2024-02-21,0,Daytona
NAPA Auto Parts,NAPA NASCAR,2024-02-22,0,Daytona
NAPA Auto Parts,NAPA NASCAR,2024-02-23,0,Daytona
NAPA Auto Parts,NAPA NASCAR,2024-02-24,0,Daytona
NAPA Auto Parts,NAPA NASCAR,2024-02-25,0,Atlanta
NAPA Auto Parts,NAPA NASCAR,2024-02-26,0,Atlanta
NAPA Auto Parts,NAPA NASCAR,2024-02-27,0,Atlanta
NAPA Auto Parts,NAPA NASCAR,2024-02-28,0,Atlanta
NAPA Auto Parts,NAPA NASCAR,2024-02-29,0,Atlanta
NAPA Auto Parts,NAPA NASCAR,2024-03-01,0,Atlanta
NAPA Auto Parts,NAPA NASCAR,2024-03-02,0,Atlanta
NAPA Auto Parts,NAPA NASCAR,2024-03-03,0,Atlanta
NAPA Auto Parts,NAPA NASCAR,2024-03-04,0,Las Vegas
NAPA Auto Parts,NAPA NASCAR,2024-03-05,0,Las Vegas
NAPA Auto Parts,NAPA NASCAR,2024-03-06,0,Las Vegas
NAPA Auto Parts,NAPA NASCAR,2024-03-07,0,Las Vegas
NAPA Auto Parts,NAPA NASCAR,2024-03-08,0,Las Vegas
NAPA Auto Parts,NAPA NASCAR,2024-03-09,0,Las Vegas
NAPA Auto Parts,NAPA NASCAR,2024-03-10,0,Las Vegas
NAPA Auto Parts,NAPA NASCAR,2024-03-11,0,Phoenix
NAPA Auto Parts,NAPA NASCAR,2024-03-12,0,Phoenix
NAPA Auto Parts,NAPA NASCAR,2024-03-13,0,Phoenix
NAPA Auto Parts,NAPA NASCAR,2024-03-14,0,Phoenix
NAPA Auto Parts,NAPA NASCAR,2024-03-15,0,Phoenix
NAPA Auto Parts,NAPA NASCAR,2024-03-16,0,Phoenix
NAPA Auto Parts,NAPA NASCAR,2024-03-17,0,Phoenix
NAPA Auto Parts,NAPA NASCAR,2024-03-18,0,Phoenix
NAPA Auto Parts,NAPA NASCAR,2024-03-19,0,Bristol
NAPA Auto Parts,NAPA NASCAR,2024-03-20,0,Bristol
NAPA Auto Parts,NAPA NASCAR,2024-03-21,0,Bristol
NAPA Auto Parts,NAPA NASCAR,2024-03-22,0,Bristol
NAPA Auto Parts,NAPA NASCAR,2024-03-23,0,Bristol
NAPA Auto Parts,NAPA NASCAR,2024-03-24,0,Bristol
NAPA Auto Parts,NAPA NASCAR,2024-03-25,0,Bristol
NAPA Auto Parts,NAPA NASCAR,2024-03-26,0,Bristol
NAPA Auto Parts,NAPA NASCAR,2024-03-27,0,COTA
NAPA Auto Parts,NAPA NASCAR,2024-03-28,0,COTA
NAPA Auto Parts,NAPA NASCAR,2024-03-29,0,COTA
NAPA Auto Parts,NAPA NASCAR,2024-03-30,0,COTA
NAPA Auto Parts,NAPA NASCAR,2024-03-31,0,COTA
NAPA Auto Parts,NAPA NASCAR,2024-04-01,0,COTA
NAPA Auto Parts,NAPA NASCAR,2024-04-02,0,COTA
NAPA Auto Parts,NAPA NASCAR,2024-04-03,0,Richmond
NAPA Auto Parts,NAPA NASCAR,2024-04-04,0,Richmond
NAPA Auto Parts,NAPA NASCAR,2024-04-05,0,Richmond
NAPA Auto Parts,NAPA NASCAR,2024-04-06,0,Richmond
NAPA Auto Parts,NAPA NASCAR,2024-04-07,0,Richmond
NAPA Auto Parts,NAPA NASCAR,2024-04-08,0,Richmond
NAPA Auto Parts,NAPA NASCAR,2024-04-09,0,Richmond
NAPA Auto Parts,NAPA NASCAR,2024-04-10,0,Richmond
NAPA Auto Parts,NAPA NASCAR,2024-04-11,0,Martinsville
NAPA Auto Parts,NAPA NASCAR,2024-04-12,0,Martinsville
NAPA Auto Parts,NAPA NASCAR,2024-04-13,0,Martinsville
NAPA Auto Parts,NAPA NASCAR,2024-04-14,0,Martinsville
NAPA Auto Parts,NAPA NASCAR,2024-04-15,0,Martinsville
NAPA Auto Parts,NAPA NASCAR,2024-04-16,0,Martinsville
NAPA Auto Parts,NAPA NASCAR,2024-04-17,0,Martinsville
NAPA Auto Parts,NAPA NASCAR,2024-04-18,0,Texas
NAPA Auto Parts,NAPA NASCAR,2024-04-19,53,Texas
NAPA Auto Parts,NAPA NASCAR,2024-04-20,0,Texas
NAPA Auto Parts,NAPA NASCAR,2024-04-21,0,Texas
NAPA Auto Parts,NAPA NASCAR,2024-04-22,0,Texas
NAPA Auto Parts,NAPA NASCAR,2024-04-23,0,Texas
NAPA Auto Parts,NAPA NASCAR,2024-04-24,0,Texas
NAPA Auto Parts,NAPA NASCAR,2024-04-25,0,Texas
NAPA Auto Parts,NAPA NASCAR,2024-04-26,0,Talladega
NAPA Auto Parts,NAPA NASCAR,2024-04-27,0,Talladega
NAPA Auto Parts,NAPA NASCAR,2024-04-28,0,Talladega
NAPA Auto Parts,NAPA NASCAR,2024-04-29,0,Talladega
NAPA Auto Parts,NAPA NASCAR,2024-04-30,0,Talladega
NAPA Auto Parts,NAPA NASCAR,2024-05-01,0,Talladega
NAPA Auto Parts,NAPA NASCAR,2024-05-02,0,Talladega
NAPA Auto Parts,NAPA NASCAR,2024-05-03,0,Talladega
NAPA Auto Parts,NAPA NASCAR,2024-05-04,0,Dover
NAPA Auto Parts,NAPA NASCAR,2024-05-05,0,Dover
NAPA Auto Parts,NAPA NASCAR,2024-05-06,0,Dover
NAPA Auto Parts,NAPA NASCAR,2024-05-07,0,Dover
NAPA Auto Parts,NAPA NASCAR,2024-05-08,0,Dover
NAPA Auto Parts,NAPA NASCAR,2024-05-09,0,Dover
NAPA Auto Parts,NAPA NASCAR,2024-05-10,0,Dover
NAPA Auto Parts,NAPA NASCAR,2024-05-11,0,Kansas
NAPA Auto Parts,NAPA NASCAR,2024-05-12,0,Kansas
NAPA Auto Parts,NAPA NASCAR,2024-05-13,0,Kansas
NAPA Auto Parts,NAPA NASCAR,2024-05-14,0,Kansas
NAPA Auto Parts,NAPA NASCAR,2024-05-15,0,Kansas
NAPA Auto Parts,NAPA NASCAR,2024-05-16,0,Kansas
NAPA Auto Parts,NAPA NASCAR,2024-05-17,0,Kansas
NAPA Auto Parts,NAPA NASCAR,2024-05-18,0,Kansas
NAPA Auto Parts,NAPA NASCAR,2024-05-19,0,Darlington
NAPA Auto Parts,NAPA NASCAR,2024-05-20,0,Darlington
NAPA Auto Parts,NAPA NASCAR,2024-05-21,0,Darlington
NAPA Auto Parts,NAPA NASCAR,2024-05-22,0,Darlington
NAPA Auto Parts,NAPA NASCAR,2024-05-23,0,Darlington
NAPA Auto Parts,NAPA NASCAR,2024-05-24,0,Darlington
NAPA Auto Parts,NAPA NASCAR,2024-05-25,0,Darlington
NAPA Auto Parts,NAPA NASCAR,2024-05-26,0,Charlotte
NAPA Auto Parts,NAPA NASCAR,2024-05-27,0,Charlotte
NAPA Auto Parts,NAPA NASCAR,2024-05-28,0,Charlotte
NAPA Auto Parts,NAPA NASCAR,2024-05-29,0,Charlotte
NAPA Auto Parts,NAPA NASCAR,2024-05-30,0,Charlotte
NAPA Auto Parts,NAPA NASCAR,2024-05-31,0,Charlotte
NAPA Auto Parts,NAPA NASCAR,2024-06-01,0,Charlotte
NAPA Auto Parts,NAPA NASCAR,2024-06-02,0,Charlotte
NAPA Auto Parts,NAPA NASCAR,2024-06-03,0,Gateway
NAPA Auto Parts,NAPA NASCAR,2024-06-04,0,Gateway
NAPA Auto Parts,NAPA NASCAR,2024-06-05,0,Gateway
NAPA Auto Parts,NAPA NASCAR,2024-06-06,0,Gateway
NAPA Auto Parts,NAPA NASCAR,2024-06-07,0,Gateway
NAPA Auto Parts,NAPA NASCAR,2024-06-08,0,Gateway
NAPA Auto Parts,NAPA NASCAR,2024-06-09,0,Gateway
NAPA Auto Parts,NAPA NASCAR,2024-06-10,0,Gateway
NAPA Auto Parts,NAPA NASCAR,2024-06-11,0,Sonoma
NAPA Auto Parts,NAPA NASCAR,2024-06-12,0,Sonoma
NAPA Auto Parts,NAPA NASCAR,2024-06-13,0,Sonoma
NAPA Auto Parts,NAPA NASCAR,2024-06-14,0,Sonoma
NAPA Auto Parts,NAPA NASCAR,2024-06-15,0,Sonoma
NAPA Auto Parts,NAPA NASCAR,2024-06-16,0,Sonoma
NAPA Auto Parts,NAPA NASCAR,2024-06-17,0,Sonoma
NAPA Auto Parts,NAPA NASCAR,2024-06-18,0,Iowa
NAPA Auto Parts,NAPA NASCAR,2024-06-19,0,Iowa
NAPA Auto Parts,NAPA NASCAR,2024-06-20,0,Iowa
NAPA Auto Parts,NAPA NASCAR,2024-06-21,0,Iowa
NAPA Auto Parts,NAPA NASCAR,2024-06-22,0,Iowa
NAPA Auto Parts,NAPA NASCAR,2024-06-23,0,Iowa
NAPA Auto Parts,NAPA NASCAR,2024-06-24,0,Iowa
NAPA Auto Parts,NAPA NASCAR,2024-06-25,0,Iowa
NAPA Auto Parts,NAPA NASCAR,2024-06-26,0,New Hampshire
NAPA Auto Parts,NAPA NASCAR,2024-06-27,0,New Hampshire
NAPA Auto Parts,NAPA NASCAR,2024-06-28,0,New Hampshire
NAPA Auto Parts,NAPA NASCAR,2024-06-29,0,New Hampshire
NAPA Auto Parts,NAPA NASCAR,2024-06-30,0,New Hampshire
NAPA Auto Parts,NAPA NASCAR,2024-07-01,0,New Hampshire
NAPA Auto Parts,NAPA NASCAR,2024-07-02,0,New Hampshire
NAPA Auto Parts,NAPA NASCAR,2024-07-03,0,Nashville
NAPA Auto Parts,NAPA NASCAR,2024-07-04,0,Nashville
NAPA Auto Parts,NAPA NASCAR,2024-07-05,0,Nashville
NAPA Auto Parts,NAPA NASCAR,2024-07-06,0,Nashville
NAPA Auto Parts,NAPA NASCAR,2024-07-07,0,Nashville
NAPA Auto Parts,NAPA NASCAR,2024-07-08,0,Nashville
NAPA Auto Parts,NAPA NASCAR,2024-07-09,0,Nashville
NAPA Auto Parts,NAPA NASCAR,2024-07-10,0,Nashville
NAPA Auto Parts,NAPA NASCAR,2024-07-11,0,Chicago Street Course
NAPA Auto Parts,NAPA NASCAR,2024-07-12,0,Chicago Street Course
NAPA Auto Parts,NAPA NASCAR,2024-07-13,0,Chicago Street Course
NAPA Auto Parts,NAPA NASCAR,2024-07-14,0,Chicago Street Course
NAPA Auto Parts,NAPA NASCAR,2024-07-15,0,Chicago Street Course
NAPA Auto Parts,NAPA NASCAR,2024-07-16,0,Chicago Street Course
NAPA Auto Parts,NAPA NASCAR,2024-07-17,0,Chicago Street Course
NAPA Auto Parts,NAPA NASCAR,2024-07-18,0,Chicago Street Course
NAPA Auto Parts,NAPA NASCAR,2024-07-19,0,Pocono
NAPA Auto Parts,NAPA NASCAR,2024-07-20,0,Pocono
NAPA Auto Parts,NAPA NASCAR,2024-07-21,0,Pocono
NAPA Auto Parts,NAPA NASCAR,2024-07-22,0,Pocono
NAPA Auto Parts,NAPA NASCAR,2024-07-23,0,Pocono
NAPA Auto Parts,NAPA NASCAR,2024-07-24,0,Pocono
NAPA Auto Parts,NAPA NASCAR,2024-07-25,0,Pocono
NAPA Auto Parts,NAPA NASCAR,2024-07-26,0,Indianapolis
NAPA Auto Parts,NAPA NASCAR,2024-07-27,0,Indianapolis
NAPA Auto Parts,NAPA NASCAR,2024-07-28,100,Indianapolis
NAPA Auto Parts,NAPA NASCAR,2024-07-29,0,Indianapolis
NAPA Auto Parts,NAPA NASCAR,2024-07-30,0,Indianapolis
NAPA Auto Parts,NAPA NASCAR,2024-07-31,0,Indianapolis
NAPA Auto Parts,NAPA NASCAR,2024-08-01,0,Indianapolis
NAPA Auto Parts,NAPA NASCAR,2024-08-02,0,Indianapolis
NAPA Auto Parts,NAPA NASCAR,2024-08-03,0,Indianapolis
NAPA Auto Parts,NAPA NASCAR,2024-08-04,0,Indianapolis
NAPA Auto Parts,NAPA NASCAR,2024-08-05,0,Indianapolis
NAPA Auto Parts,NAPA NASCAR,2024-08-06,0,Indianapolis
NAPA Auto Parts,NAPA NASCAR,2024-08-07,0,Indianapolis
NAPA Auto Parts,NAPA NASCAR,2024-08-08,0,Indianapolis
NAPA Auto Parts,NAPA NASCAR,2024-08-09,0,Indianapolis
NAPA Auto Parts,NAPA NASCAR,2024-08-10,0,Michigan
NAPA Auto Parts,NAPA NASCAR,2024-08-11,0,Michigan
NAPA Auto Parts,NAPA NASCAR,2024-08-12,0,Michigan
NAPA Auto Parts,NAPA NASCAR,2024-08-13,0,Michigan
NAPA Auto Parts,NAPA NASCAR,2024-08-14,0,Michigan
NAPA Auto Parts,NAPA NASCAR,2024-08-15,0,Michigan
NAPA Auto Parts,NAPA NASCAR,2024-08-16,0,Michigan
NAPA Auto Parts,NAPA NASCAR,2024-08-17,0,Michigan
NAPA Auto Parts,NAPA NASCAR,2024-08-18,0,Michigan
NAPA Auto Parts,NAPA NASCAR,2024-08-19,67,Michigan
NAPA Auto Parts,NAPA NASCAR,2024-08-20,0,Michigan
NAPA Auto Parts,NAPA NASCAR,2024-08-21,0,Michigan
NAPA Auto Parts,NAPA NASCAR,2024-08-22,0,Michigan
NAPA Auto Parts,NAPA NASCAR,2024-08-23,0,Michigan
NAPA Auto Parts,NAPA NASCAR,2024-08-24,0,Michigan
NAPA Auto Parts,NAPA NASCAR,2024-08-25,0,Michigan
NAPA Auto Parts,NAPA NASCAR,2024-08-26,0,Michigan
NAPA Auto Parts,NAPA NASCAR,2024-08-27,0,Michigan
NAPA Auto Parts,NAPA NASCAR,2024-08-28,0,Michigan
NAPA Auto Parts,NAPA NASCAR,2024-08-29,0,Michigan
NAPA Auto Parts,NAPA NASCAR,2024-08-30,0,Michigan
NAPA Auto Parts,NAPA NASCAR,2024-08-31,0,Michigan
NAPA Auto Parts,NAPA NASCAR,2024-09-01,0,Michigan
NAPA Auto Parts,NAPA NASCAR,2024-09-02,0,Michigan
NAPA Auto Parts,NAPA NASCAR,2024-09-03,0,Michigan
NAPA Auto Parts,NAPA NASCAR,2024-09-04,0,Michigan
NAPA Auto Parts,NAPA NASCAR,2024-09-05,0,Michigan
NAPA Auto Parts,NAPA NASCAR,2024-09-06,0,Michigan
NAPA Auto Parts,NAPA NASCAR,2024-09-07,0,Michigan
NAPA Auto Parts,NAPA NASCAR,2024-09-08,0,Michigan
NAPA Auto Parts,NAPA NASCAR,2024-09-09,0,Michigan
NAPA Auto Parts,NAPA NASCAR,2024-09-10,0,Watkins Glen
NAPA Auto Parts,NAPA NASCAR,2024-09-11,0,Watkins Glen
NAPA Auto Parts,NAPA NASCAR,2024-09-12,0,Watkins Glen
NAPA Auto Parts,NAPA NASCAR,2024-09-13,0,Watkins Glen
NAPA Auto Parts,NAPA NASCAR,2024-09-14,0,Watkins Glen
NAPA Auto Parts,NAPA NASCAR,2024-09-15,0,Watkins Glen
NAPA Auto Parts,NAPA NASCAR,2024-09-16,0,Watkins Glen
NAPA Auto Parts,NAPA NASCAR,2024-09-17,0,Watkins Glen
NAPA Auto Parts,NAPA NASCAR,2024-09-18,0,Watkins Glen
NAPA Auto Parts,NAPA NASCAR,2024-09-19,0,Watkins Glen
NAPA Auto Parts,NAPA NASCAR,2024-09-20,55,Watkins Glen
NAPA Auto Parts,NAPA NASCAR,2024-09-21,0,Watkins Glen
NAPA Auto Parts,NAPA NASCAR,2024-09-22,0,Watkins Glen
NAPA Auto Parts,NAPA NASCAR,2024-09-23,0,Watkins Glen
NAPA Auto Parts,NAPA NASCAR,2024-09-24,0,Watkins Glen
NAPA Auto Parts,NAPA NASCAR,2024-09-25,0,Watkins Glen
NAPA Auto Parts,NAPA NASCAR,2024-09-26,0,Watkins Glen
NAPA Auto Parts,NAPA NASCAR,2024-09-27,0,Watkins Glen
NAPA Auto Parts,NAPA NASCAR,2024-09-28,0,Watkins Glen
NAPA Auto Parts,NAPA NASCAR,2024-09-29,0,Watkins Glen
NAPA Auto Parts,NAPA NASCAR,2024-09-30,0,Watkins Glen
NAPA Auto Parts,NAPA NASCAR,2024-10-01,0,Watkins Glen
NAPA Auto Parts,NAPA NASCAR,2024-10-02,0,Watkins Glen
NAPA Auto Parts,NAPA NASCAR,2024-10-03,0,Watkins Glen
NAPA Auto Parts,NAPA NASCAR,2024-10-04,0,Watkins Glen
NAPA Auto Parts,NAPA NASCAR,2024-10-05,0,Watkins Glen
NAPA Auto Parts,NAPA NASCAR,2024-10-06,0,Watkins Glen
NAPA Auto Parts,NAPA NASCAR,2024-10-07,0,Watkins Glen
NAPA Auto Parts,NAPA NASCAR,2024-10-08,0,Watkins Glen
NAPA Auto Parts,NAPA NASCAR,2024-10-09,0,Watkins Glen
NAPA Auto Parts,NAPA NASCAR,2024-10-10,0,Charlotte Roval
NAPA Auto Parts,NAPA NASCAR,2024-10-11,0,Charlotte Roval
NAPA Auto Parts,NAPA NASCAR,2024-10-12,0,Charlotte Roval
NAPA Auto Parts,NAPA NASCAR,2024-10-13,0,Charlotte Roval
NAPA Auto Parts,NAPA NASCAR,2024-10-14,0,Charlotte Roval
NAPA Auto Parts,NAPA NASCAR,2024-10-15,0,Charlotte Roval
NAPA Auto Parts,NAPA NASCAR,2024-10-16,0,Charlotte Roval
NAPA Auto Parts,NAPA NASCAR,2024-10-17,0,Charlotte Roval
NAPA Auto Parts,NAPA NASCAR,2024-10-18,0,Charlotte Roval
NAPA Auto Parts,NAPA NASCAR,2024-10-19,0,Charlotte Roval
NAPA Auto Parts,NAPA NASCAR,2024-10-20,0,Charlotte Roval
NAPA Auto Parts,NAPA NASCAR,2024-10-21,0,Charlotte Roval
NAPA Auto Parts,NAPA NASCAR,2024-10-22,0,Charlotte Roval
NAPA Auto Parts,NAPA NASCAR,2024-10-23,0,Charlotte Roval
NAPA Auto Parts,NAPA NASCAR,2024-10-24,0,Charlotte Roval
NAPA Auto Parts,NAPA NASCAR,2024-10-25,0,Homestead
NAPA Auto Parts,NAPA NASCAR,2024-10-26,0,Homestead
NAPA Auto Parts,NAPA NASCAR,2024-10-27,0,Homestead
NAPA Auto Parts,NAPA NASCAR,2024-10-28,0,Homestead
NAPA Auto Parts,NAPA NASCAR,2024-10-29,0,Homestead
NAPA Auto Parts,NAPA NASCAR,2024-10-30,0,Homestead
NAPA Auto Parts,NAPA NASCAR,2024-10-31,0,Homestead
NAPA Auto Parts,NAPA NASCAR,2024-11-01,0,Homestead
NAPA Auto Parts,NAPA NASCAR,2024-11-02,0,Homestead
NAPA Auto Parts,NAPA NASCAR,2024-11-03,0,Homestead
NAPA Auto Parts,NAPA NASCAR,2024-11-04,0,Homestead
NAPA Auto Parts,NAPA NASCAR,2024-11-05,0,Homestead
NAPA Auto Parts,NAPA NASCAR,2024-11-06,0,Homestead
NAPA Auto Parts,NAPA NASCAR,2024-11-07,0,Homestead
NAPA Auto Parts,NAPA NASCAR,2024-11-08,0,Homestead
NAPA Auto Parts,NAPA NASCAR,2024-11-09,0,Homestead
NAPA Auto Parts,NAPA NASCAR,2024-11-10,0,Homestead
McDonald's,McDonald's NASCAR,2024-02-18,0,Daytona
McDonald's,McDonald's NASCAR,2024-02-19,0,Daytona
McDonald's,McDonald's NASCAR,2024-02-20,0,Daytona
McDonald's,McDonald's NASCAR,2024-02-21,0,Daytona
McDonald's,McDonald's NASCAR,2024-02-22,0,Daytona
McDonald's,McDonald's NASCAR,2024-02-23,0,Daytona
McDonald's,McDonald's NASCAR,2024-02-24,0,Daytona
McDonald's,McDonald's NASCAR,2024-02-25,0,Atlanta
McDonald's,McDonald's NASCAR,2024-02-26,0,Atlanta
McDonald's,McDonald's NASCAR,2024-02-27,0,Atlanta
McDonald's,McDonald's NASCAR,2024-02-28,0,Atlanta
McDonald's,McDonald's NASCAR,2024-02-29,0,Atlanta
McDonald's,McDonald's NASCAR,2024-03-01,0,Atlanta
McDonald's,McDonald's NASCAR,2024-03-02,0,Atlanta
McDonald's,McDonald's NASCAR,2024-03-03,0,Atlanta
McDonald's,McDonald's NASCAR,2024-03-04,0,Las Vegas
McDonald's,McDonald's NASCAR,2024-03-05,0,Las Vegas
McDonald's,McDonald's NASCAR,2024-03-06,0,Las Vegas
McDonald's,McDonald's NASCAR,2024-03-07,0,Las Vegas
McDonald's,McDonald's NASCAR,2024-03-08,0,Las Vegas
McDonald's,McDonald's NASCAR,2024-03-09,0,Las Vegas
McDonald's,McDonald's NASCAR,2024-03-10,0,Las Vegas
McDonald's,McDonald's NASCAR,2024-03-11,0,Phoenix
McDonald's,McDonald's NASCAR,2024-03-12,0,Phoenix
McDonald's,McDonald's NASCAR,2024-03-13,0,Phoenix
McDonald's,McDonald's NASCAR,2024-03-14,0,Phoenix
McDonald's,McDonald's NASCAR,2024-03-15,0,Phoenix
McDonald's,McDonald's NASCAR,2024-03-16,0,Phoenix
McDonald's,McDonald's NASCAR,2024-03-17,0,Phoenix
McDonald's,McDonald's NASCAR,2024-03-18,0,Phoenix
McDonald's,McDonald's NASCAR,2024-03-19,0,Bristol
McDonald's,McDonald's NASCAR,2024-03-20,0,Bristol
McDonald's,McDonald's NASCAR,2024-03-21,0,Bristol
McDonald's,McDonald's NASCAR,2024-03-22,0,Bristol
McDonald's,McDonald's NASCAR,2024-03-23,0,Bristol
McDonald's,McDonald's NASCAR,2024-03-24,0,Bristol
McDonald's,McDonald's NASCAR,2024-03-25,0,Bristol
McDonald's,McDonald's NASCAR,2024-03-26,0,Bristol
McDonald's,McDonald's NASCAR,2024-03-27,0,COTA
McDonald's,McDonald's NASCAR,2024-03-28,0,COTA
McDonald's,McDonald's NASCAR,2024-03-29,0,COTA
McDonald's,McDonald's NASCAR,2024-03-30,0,COTA
McDonald's,McDonald's NASCAR,2024-03-31,0,COTA
McDonald's,McDonald's NASCAR,2024-04-01,0,COTA
McDonald's,McDonald's NASCAR,2024-04-02,0,COTA
McDonald's,McDonald's NASCAR,2024-04-03,0,Richmond
McDonald's,McDonald's NASCAR,2024-04-04,0,Richmond
McDonald's,McDonald's NASCAR,2024-04-05,0,Richmond
McDonald's,McDonald's NASCAR,2024-04-06,0,Richmond
McDonald's,McDonald's NASCAR,2024-04-07,0,Richmond
McDonald's,McDonald's NASCAR,2024-04-08,0,Richmond
McDonald's,McDonald's NASCAR,2024-04-09,0,Richmond
McDonald's,McDonald's NASCAR,2024-04-10,0,Richmond
McDonald's,McDonald's NASCAR,2024-04-11,0,Martinsville
McDonald's,McDonald's NASCAR,2024-04-12,0,Martinsville
McDonald's,McDonald's NASCAR,2024-04-13,0,Martinsville
McDonald's,McDonald's NASCAR,2024-04-14,0,Martinsville
McDonald's,McDonald's NASCAR,2024-04-15,0,Martinsville
McDonald's,McDonald's NASCAR,2024-04-16,0,Martinsville
McDonald's,McDonald's NASCAR,2024-04-17,0,Martinsville
McDonald's,McDonald's NASCAR,2024-04-18,0,Texas
McDonald's,McDonald's NASCAR,2024-04-19,0,Texas
McDonald's,McDonald's NASCAR,2024-04-20,0,Texas
McDonald's,McDonald's NASCAR,2024-04-21,0,Texas
McDonald's,McDonald's NASCAR,2024-04-22,0,Texas
McDonald's,McDonald's NASCAR,2024-04-23,0,Texas
McDonald's,McDonald's NASCAR,2024-04-24,0,Texas
McDonald's,McDonald's NASCAR,2024-04-25,0,Texas
McDonald's,McDonald's NASCAR,2024-04-26,0,Talladega
McDonald's,McDonald's NASCAR,2024-04-27,0,Talladega
McDonald's,McDonald's NASCAR,2024-04-28,0,Talladega
McDonald's,McDonald's NASCAR,2024-04-29,0,Talladega
McDonald's,McDonald's NASCAR,2024-04-30,0,Talladega
McDonald's,McDonald's NASCAR,2024-05-01,0,Talladega
McDonald's,McDonald's NASCAR,2024-05-02,0,Talladega
McDonald's,McDonald's NASCAR,2024-05-03,0,Talladega
McDonald's,McDonald's NASCAR,2024-05-04,0,Dover
McDonald's,McDonald's NASCAR,2024-05-05,0,Dover
McDonald's,McDonald's NASCAR,2024-05-06,0,Dover
McDonald's,McDonald's NASCAR,2024-05-07,0,Dover
McDonald's,McDonald's NASCAR,2024-05-08,0,Dover
McDonald's,McDonald's NASCAR,2024-05-09,0,Dover
McDonald's,McDonald's NASCAR,2024-05-10,0,Dover
McDonald's,McDonald's NASCAR,2024-05-11,0,Kansas
McDonald's,McDonald's NASCAR,2024-05-12,0,Kansas
McDonald's,McDonald's NASCAR,2024-05-13,0,Kansas
McDonald's,McDonald's NASCAR,2024-05-14,0,Kansas
McDonald's,McDonald's NASCAR,2024-05-15,0,Kansas
McDonald's,McDonald's NASCAR,2024-05-16,0,Kansas
McDonald's,McDonald's NASCAR,2024-05-17,0,Kansas
McDonald's,McDonald's NASCAR,2024-05-18,0,Kansas
McDonald's,McDonald's NASCAR,2024-05-19,0,Darlington
McDonald's,McDonald's NASCAR,2024-05-20,0,Darlington
McDonald's,McDonald's NASCAR,2024-05-21,0,Darlington
McDonald's,McDonald's NASCAR,2024-05-22,0,Darlington
McDonald's,McDonald's NASCAR,2024-05-23,0,Darlington
McDonald's,McDonald's NASCAR,2024-05-24,0,Darlington
McDonald's,McDonald's NASCAR,2024-05-25,0,Darlington
McDonald's,McDonald's NASCAR,2024-05-26,0,Charlotte
McDonald's,McDonald's NASCAR,2024-05-27,0,Charlotte
McDonald's,McDonald's NASCAR,2024-05-28,0,Charlotte
McDonald's,McDonald's NASCAR,2024-05-29,0,Charlotte
McDonald's,McDonald's NASCAR,2024-05-30,0,Charlotte
McDonald's,McDonald's NASCAR,2024-05-31,0,Charlotte
McDonald's,McDonald's NASCAR,2024-06-01,0,Charlotte
McDonald's,McDonald's NASCAR,2024-06-02,0,Charlotte
McDonald's,McDonald's NASCAR,2024-06-03,0,Gateway
McDonald's,McDonald's NASCAR,2024-06-04,0,Gateway
McDonald's,McDonald's NASCAR,2024-06-05,0,Gateway
McDonald's,McDonald's NASCAR,2024-06-06,0,Gateway
McDonald's,McDonald's NASCAR,2024-06-07,0,Gateway
McDonald's,McDonald's NASCAR,2024-06-08,0,Gateway
McDonald's,McDonald's NASCAR,2024-06-09,0,Gateway
McDonald's,McDonald's NASCAR,2024-06-10,0,Gateway
McDonald's,McDonald's NASCAR,2024-06-11,0,Sonoma
McDonald's,McDonald's NASCAR,2024-06-12,0,Sonoma
McDonald's,McDonald's NASCAR,2024-06-13,0,Sonoma
McDonald's,McDonald's NASCAR,2024-06-14,0,Sonoma
McDonald's,McDonald's NASCAR,2024-06-15,0,Sonoma
McDonald's,McDonald's NASCAR,2024-06-16,0,Sonoma
McDonald's,McDonald's NASCAR,2024-06-17,0,Sonoma
McDonald's,McDonald's NASCAR,2024-06-18,0,Iowa
McDonald's,McDonald's NASCAR,2024-06-19,0,Iowa
McDonald's,McDonald's NASCAR,2024-06-20,0,Iowa
McDonald's,McDonald's NASCAR,2024-06-21,0,Iowa
McDonald's,McDonald's NASCAR,2024-06-22,0,Iowa
McDonald's,McDonald's NASCAR,2024-06-23,0,Iowa
McDonald's,McDonald's NASCAR,2024-06-24,0,Iowa
McDonald's,McDonald's NASCAR,2024-06-25,0,Iowa
McDonald's,McDonald's NASCAR,2024-06-26,0,New Hampshire
McDonald's,McDonald's NASCAR,2024-06-27,0,New Hampshire
McDonald's,McDonald's NASCAR,2024-06-28,0,New Hampshire
McDonald's,McDonald's NASCAR,2024-06-29,0,New Hampshire
McDonald's,McDonald's NASCAR,2024-06-30,0,New Hampshire
McDonald's,McDonald's NASCAR,2024-07-01,0,New Hampshire
McDonald's,McDonald's NASCAR,2024-07-02,0,New Hampshire
McDonald's,McDonald's NASCAR,2024-07-03,0,Nashville
McDonald's,McDonald's NASCAR,2024-07-04,0,Nashville
McDonald's,McDonald's NASCAR,2024-07-05,0,Nashville
McDonald's,McDonald's NASCAR,2024-07-06,0,Nashville
McDonald's,McDonald's NASCAR,2024-07-07,0,Nashville
McDonald's,McDonald's NASCAR,2024-07-08,0,Nashville
McDonald's,McDonald's NASCAR,2024-07-09,0,Nashville
McDonald's,McDonald's NASCAR,2024-07-10,0,Nashville
McDonald's,McDonald's NASCAR,2024-07-11,0,Chicago Street Course
McDonald's,McDonald's NASCAR,2024-07-12,0,Chicago Street Course
McDonald's,McDonald's NASCAR,2024-07-13,0,Chicago Street Course
McDonald's,McDonald's NASCAR,2024-07-14,0,Chicago Street Course
McDonald's,McDonald's NASCAR,2024-07-15,0,Chicago Street Course
McDonald's,McDonald's NASCAR,2024-07-16,0,Chicago Street Course
McDonald's,McDonald's NASCAR,2024-07-17,0,Chicago Street Course
McDonald's,McDonald's NASCAR,2024-07-18,0,Chicago Street Course
McDonald's,McDonald's NASCAR,2024-07-19,0,Pocono
McDonald's,McDonald's NASCAR,2024-07-20,0,Pocono
McDonald's,McDonald's NASCAR,2024-07-21,100,Pocono
McDonald's,McDonald's NASCAR,2024-07-22,0,Pocono
McDonald's,McDonald's NASCAR,2024-07-23,0,Pocono
McDonald's,McDonald's NASCAR,2024-07-24,0,Pocono
McDonald's,McDonald's NASCAR,2024-07-25,0,Pocono
McDonald's,McDonald's NASCAR,2024-07-26,0,Indianapolis
McDonald's,McDonald's NASCAR,2024-07-27,0,Indianapolis
McDonald's,McDonald's NASCAR,2024-07-28,0,Indianapolis
McDonald's,McDonald's NASCAR,2024-07-29,0,Indianapolis
McDonald's,McDonald's NASCAR,2024-07-30,0,Indianapolis
McDonald's,McDonald's NASCAR,2024-07-31,0,Indianapolis
McDonald's,McDonald's NASCAR,2024-08-01,0,Indianapolis
McDonald's,McDonald's NASCAR,2024-08-02,0,Indianapolis
McDonald's,McDonald's NASCAR,2024-08-03,0,Indianapolis
McDonald's,McDonald's NASCAR,2024-08-04,0,Indianapolis
McDonald's,McDonald's NASCAR,2024-08-05,0,Indianapolis
McDonald's,McDonald's NASCAR,2024-08-06,0,Indianapolis
McDonald's,McDonald's NASCAR,2024-08-07,0,Indianapolis
McDonald's,McDonald's NASCAR,2024-08-08,0,Indianapolis
McDonald's,McDonald's NASCAR,2024-08-09,0,Indianapolis
McDonald's,McDonald's NASCAR,2024-08-10,0,Michigan
McDonald's,McDonald's NASCAR,2024-08-11,0,Michigan
McDonald's,McDonald's NASCAR,2024-08-12,0,Michigan
McDonald's,McDonald's NASCAR,2024-08-13,0,Michigan
McDonald's,McDonald's NASCAR,2024-08-14,0,Michigan
McDonald's,McDonald's NASCAR,2024-08-15,0,Michigan
McDonald's,McDonald's NASCAR,2024-08-16,0,Michigan
McDonald's,McDonald's NASCAR,2024-08-17,0,Michigan
McDonald's,McDonald's NASCAR,2024-08-18,0,Michigan
McDonald's,McDonald's NASCAR,2024-08-19,0,Michigan
McDonald's,McDonald's NASCAR,2024-08-20,0,Michigan
McDonald's,McDonald's NASCAR,2024-08-21,0,Michigan
McDonald's,McDonald's NASCAR,2024-08-22,0,Michigan
McDonald's,McDonald's NASCAR,2024-08-23,0,Michigan
McDonald's,McDonald's NASCAR,2024-08-24,0,Michigan
McDonald's,McDonald's NASCAR,2024-08-25,0,Michigan
McDonald's,McDonald's NASCAR,2024-08-26,0,Michigan
McDonald's,McDonald's NASCAR,2024-08-27,0,Michigan
McDonald's,McDonald's NASCAR,2024-08-28,0,Michigan
McDonald's,McDonald's NASCAR,2024-08-29,0,Michigan
McDonald's,McDonald's NASCAR,2024-08-30,0,Michigan
McDonald's,McDonald's NASCAR,2024-08-31,0,Michigan
McDonald's,McDonald's NASCAR,2024-09-01,0,Michigan
McDonald's,McDonald's NASCAR,2024-09-02,0,Michigan
McDonald's,McDonald's NASCAR,2024-09-03,0,Michigan
McDonald's,McDonald's NASCAR,2024-09-04,0,Michigan
McDonald's,McDonald's NASCAR,2024-09-05,0,Michigan
McDonald's,McDonald's NASCAR,2024-09-06,0,Michigan
McDonald's,McDonald's NASCAR,2024-09-07,0,Michigan
McDonald's,McDonald's NASCAR,2024-09-08,0,Michigan
McDonald's,McDonald's NASCAR,2024-09-09,0,Michigan
McDonald's,McDonald's NASCAR,2024-09-10,0,Watkins Glen
McDonald's,McDonald's NASCAR,2024-09-11,0,Watkins Glen
McDonald's,McDonald's NASCAR,2024-09-12,0,Watkins Glen
McDonald's,McDonald's NASCAR,2024-09-13,0,Watkins Glen
McDonald's,McDonald's NASCAR,2024-09-14,0,Watkins Glen
McDonald's,McDonald's NASCAR,2024-09-15,0,Watkins Glen
McDonald's,McDonald's NASCAR,2024-09-16,0,Watkins Glen
McDonald's,McDonald's NASCAR,2024-09-17,0,Watkins Glen
McDonald's,McDonald's NASCAR,2024-09-18,0,Watkins Glen
McDonald's,McDonald's NASCAR,2024-09-19,0,Watkins Glen
McDonald's,McDonald's NASCAR,2024-09-20,0,Watkins Glen
McDonald's,McDonald's NASCAR,2024-09-21,0,Watkins Glen
McDonald's,McDonald's NASCAR,2024-09-22,0,Watkins Glen
McDonald's,McDonald's NASCAR,2024-09-23,0,Watkins Glen
McDonald's,McDonald's NASCAR,2024-09-24,0,Watkins Glen
McDonald's,McDonald's NASCAR,2024-09-25,0,Watkins Glen
McDonald's,McDonald's NASCAR,2024-09-26,0,Watkins Glen
McDonald's,McDonald's NASCAR,2024-09-27,0,Watkins Glen
McDonald's,McDonald's NASCAR,2024-09-28,0,Watkins Glen
McDonald's,McDonald's NASCAR,2024-09-29,0,Watkins Glen
McDonald's,McDonald's NASCAR,2024-09-30,0,Watkins Glen
McDonald's,McDonald's NASCAR,2024-10-01,0,Watkins Glen
McDonald's,McDonald's NASCAR,2024-10-02,0,Watkins Glen
McDonald's,McDonald's NASCAR,2024-10-03,0,Watkins Glen
McDonald's,McDonald's NASCAR,2024-10-04,0,Watkins Glen
McDonald's,McDonald's NASCAR,2024-10-05,0,Watkins Glen
McDonald's,McDonald's NASCAR,2024-10-06,0,Watkins Glen
McDonald's,McDonald's NASCAR,2024-10-07,0,Watkins Glen
McDonald's,McDonald's NASCAR,2024-10-08,0,Watkins Glen
McDonald's,McDonald's NASCAR,2024-10-09,0,Watkins Glen
McDonald's,McDonald's NASCAR,2024-10-10,0,Charlotte Roval
McDonald's,McDonald's NASCAR,2024-10-11,0,Charlotte Roval
McDonald's,McDonald's NASCAR,2024-10-12,0,Charlotte Roval
McDonald's,McDonald's NASCAR,2024-10-13,0,Charlotte Roval
McDonald's,McDonald's NASCAR,2024-10-14,0,Charlotte Roval
McDonald's,McDonald's NASCAR,2024-10-15,0,Charlotte Roval
McDonald's,McDonald's NASCAR,2024-10-16,0,Charlotte Roval
McDonald's,McDonald's NASCAR,2024-10-17,0,Charlotte Roval
McDonald's,McDonald's NASCAR,2024-10-18,0,Charlotte Roval
McDonald's,McDonald's NASCAR,2024-10-19,0,Charlotte Roval
McDonald's,McDonald's NASCAR,2024-10-20,0,Charlotte Roval
McDonald's,McDonald's NASCAR,2024-10-21,0,Charlotte Roval
McDonald's,McDonald's NASCAR,2024-10-22,0,Charlotte Roval
McDonald's,McDonald's NASCAR,2024-10-23,0,Charlotte Roval
McDonald's,McDonald's NASCAR,2024-10-24,0,Charlotte Roval
McDonald's,McDonald's NASCAR,2024-10-25,0,Homestead
McDonald's,McDonald's NASCAR,2024-10-26,0,Homestead
McDonald's,McDonald's NASCAR,2024-10-27,0,Homestead
McDonald's,McDonald's NASCAR,2024-10-28,0,Homestead
McDonald's,McDonald's NASCAR,2024-10-29,0,Homestead
McDonald's,McDonald's NASCAR,2024-10-30,0,Homestead
McDonald's,McDonald's NASCAR,2024-10-31,0,Homestead
McDonald's,McDonald's NASCAR,2024-11-01,0,Homestead
McDonald's,McDonald's NASCAR,2024-11-02,0,Homestead
McDonald's,McDonald's NASCAR,2024-11-03,0,Homestead
McDonald's,McDonald's NASCAR,2024-11-04,0,Homestead
McDonald's,McDonald's NASCAR,2024-11-05,0,Homestead
McDonald's,McDonald's NASCAR,2024-11-06,0,Homestead
McDonald's,McDonald's NASCAR,2024-11-07,0,Homestead
McDonald's,McDonald's NASCAR,2024-11-08,0,Homestead
McDonald's,McDonald's NASCAR,2024-11-09,0,Homestead
McDonald's,McDonald's NASCAR,2024-11-10,0,Homestead
Love's Travel Stops,Loves Travel Stops NASCAR,2024-02-18,0,Daytona
Love's Travel Stops,Loves Travel Stops NASCAR,2024-02-19,0,Daytona
Love's Travel Stops,Loves Travel Stops NASCAR,2024-02-20,0,Daytona
Love's Travel Stops,Loves Travel Stops NASCAR,2024-02-21,0,Daytona
Love's Travel Stops,Loves Travel Stops NASCAR,2024-02-22,0,Daytona
Love's Travel Stops,Loves Travel Stops NASCAR,2024-02-23,0,Daytona
Love's Travel Stops,Loves Travel Stops NASCAR,2024-02-24,0,Daytona
Love's Travel Stops,Loves Travel Stops NASCAR,2024-02-25,0,Atlanta
Love's Travel Stops,Loves Travel Stops NASCAR,2024-02-26,0,Atlanta
Love's Travel Stops,Loves Travel Stops NASCAR,2024-02-27,0,Atlanta
Love's Travel Stops,Loves Travel Stops NASCAR,2024-02-28,0,Atlanta
Love's Travel Stops,Loves Travel Stops NASCAR,2024-02-29,0,Atlanta
Love's Travel Stops,Loves Travel Stops NASCAR,2024-03-01,0,Atlanta
Love's Travel Stops,Loves Travel Stops NASCAR,2024-03-02,0,Atlanta
Love's Travel Stops,Loves Travel Stops NASCAR,2024-03-03,0,Atlanta
Love's Travel Stops,Loves Travel Stops NASCAR,2024-03-04,0,Las Vegas
Love's Travel Stops,Loves Travel Stops NASCAR,2024-03-05,0,Las Vegas
Love's Travel Stops,Loves Travel Stops NASCAR,2024-03-06,0,Las Vegas
Love's Travel Stops,Loves Travel Stops NASCAR,2024-03-07,0,Las Vegas
Love's Travel Stops,Loves Travel Stops NASCAR,2024-03-08,0,Las Vegas
Love's Travel Stops,Loves Travel Stops NASCAR,2024-03-09,0,Las Vegas
Love's Travel Stops,Loves Travel Stops NASCAR,2024-03-10,0,Las Vegas
Love's Travel Stops,Loves Travel Stops NASCAR,2024-03-11,0,Phoenix
Love's Travel Stops,Loves Travel Stops NASCAR,2024-03-12,0,Phoenix
Love's Travel Stops,Loves Travel Stops NASCAR,2024-03-13,0,Phoenix
Love's Travel Stops,Loves Travel Stops NASCAR,2024-03-14,0,Phoenix
Love's Travel Stops,Loves Travel Stops NASCAR,2024-03-15,0,Phoenix
Love's Travel Stops,Loves Travel Stops NASCAR,2024-03-16,0,Phoenix
Love's Travel Stops,Loves Travel Stops NASCAR,2024-03-17,0,Phoenix
Love's Travel Stops,Loves Travel Stops NASCAR,2024-03-18,0,Phoenix
Love's Travel Stops,Loves Travel Stops NASCAR,2024-03-19,0,Bristol
Love's Travel Stops,Loves Travel Stops NASCAR,2024-03-20,0,Bristol
Love's Travel Stops,Loves Travel Stops NASCAR,2024-03-21,0,Bristol
Love's Travel Stops,Loves Travel Stops NASCAR,2024-03-22,0,Bristol
Love's Travel Stops,Loves Travel Stops NASCAR,2024-03-23,0,Bristol
Love's Travel Stops,Loves Travel Stops NASCAR,2024-03-24,0,Bristol
Love's Travel Stops,Loves Travel Stops NASCAR,2024-03-25,0,Bristol
Love's Travel Stops,Loves Travel Stops NASCAR,2024-03-26,0,Bristol
Love's Travel Stops,Loves Travel Stops NASCAR,2024-03-27,0,COTA
Love's Travel Stops,Loves Travel Stops NASCAR,2024-03-28,0,COTA
Love's Travel Stops,Loves Travel Stops NASCAR,2024-03-29,0,COTA
Love's Travel Stops,Loves Travel Stops NASCAR,2024-03-30,0,COTA
Love's Travel Stops,Loves Travel Stops NASCAR,2024-03-31,0,COTA
Love's Travel Stops,Loves Travel Stops NASCAR,2024-04-01,0,COTA
Love's Travel Stops,Loves Travel Stops NASCAR,2024-04-02,0,COTA
Love's Travel Stops,Loves Travel Stops NASCAR,2024-04-03,0,Richmond
Love's Travel Stops,Loves Travel Stops NASCAR,2024-04-04,0,Richmond
Love's Travel Stops,Loves Travel Stops NASCAR,2024-04-05,0,Richmond
Love's Travel Stops,Loves Travel Stops NASCAR,2024-04-06,0,Richmond
Love's Travel Stops,Loves Travel Stops NASCAR,2024-04-07,0,Richmond
Love's Travel Stops,Loves Travel Stops NASCAR,2024-04-08,0,Richmond
Love's Travel Stops,Loves Travel Stops NASCAR,2024-04-09,0,Richmond
Love's Travel Stops,Loves Travel Stops NASCAR,2024-04-10,0,Richmond
Love's Travel Stops,Loves Travel Stops NASCAR,2024-04-11,0,Martinsville
Love's Travel Stops,Loves Travel Stops NASCAR,2024-04-12,0,Martinsville
Love's Travel Stops,Loves Travel Stops NASCAR,2024-04-13,0,Martinsville
Love's Travel Stops,Loves Travel Stops NASCAR,2024-04-14,0,Martinsville
Love's Travel Stops,Loves Travel Stops NASCAR,2024-04-15,0,Martinsville
Love's Travel Stops,Loves Travel Stops NASCAR,2024-04-16,0,Martinsville
Love's Travel Stops,Loves Travel Stops NASCAR,2024-04-17,0,Martinsville
Love's Travel Stops,Loves Travel Stops NASCAR,2024-04-18,0,Texas
Love's Travel Stops,Loves Travel Stops NASCAR,2024-04-19,0,Texas
Love's Travel Stops,Loves Travel Stops NASCAR,2024-04-20,0,Texas
Love's Travel Stops,Loves Travel Stops NASCAR,2024-04-21,0,Texas
Love's Travel Stops,Loves Travel Stops NASCAR,2024-04-22,0,Texas
Love's Travel Stops,Loves Travel Stops NASCAR,2024-04-23,0,Texas
Love's Travel Stops,Loves Travel Stops NASCAR,2024-04-24,0,Texas
Love's Travel Stops,Loves Travel Stops NASCAR,2024-04-25,0,Texas
Love's Travel Stops,Loves Travel Stops NASCAR,2024-04-26,0,Talladega
Love's Travel Stops,Loves Travel Stops NASCAR,2024-04-27,100,Talladega
Love's Travel Stops,Loves Travel Stops NASCAR,2024-04-28,0,Talladega
Love's Travel Stops,Loves Travel Stops NASCAR,2024-04-29,0,Talladega
Love's Travel Stops,Loves Travel Stops NASCAR,2024-04-30,0,Talladega
Love's Travel Stops,Loves Travel Stops NASCAR,2024-05-01,0,Talladega
Love's Travel Stops,Loves Travel Stops NASCAR,2024-05-02,0,Talladega
Love's Travel Stops,Loves Travel Stops NASCAR,2024-05-03,0,Talladega
Love's Travel Stops,Loves Travel Stops NASCAR,2024-05-04,0,Dover
Love's Travel Stops,Loves Travel Stops NASCAR,2024-05-05,0,Dover
Love's Travel Stops,Loves Travel Stops NASCAR,2024-05-06,0,Dover
Love's Travel Stops,Loves Travel Stops NASCAR,2024-05-07,0,Dover
Love's Travel Stops,Loves Travel Stops NASCAR,2024-05-08,0,Dover
Love's Travel Stops,Loves Travel Stops NASCAR,2024-05-09,0,Dover
Love's Travel Stops,Loves Travel Stops NASCAR,2024-05-10,0,Dover
Love's Travel Stops,Loves Travel Stops NASCAR,2024-05-11,0,Kansas
Love's Travel Stops,Loves Travel Stops NASCAR,2024-05-12,0,Kansas
Love's Travel Stops,Loves Travel Stops NASCAR,2024-05-13,0,Kansas
Love's Travel Stops,Loves Travel Stops NASCAR,2024-05-14,0,Kansas
Love's Travel Stops,Loves Travel Stops NASCAR,2024-05-15,0,Kansas
Love's Travel Stops,Loves Travel Stops NASCAR,2024-05-16,0,Kansas
Love's Travel Stops,Loves Travel Stops NASCAR,2024-05-17,0,Kansas
Love's Travel Stops,Loves Travel Stops NASCAR,2024-05-18,0,Kansas
Love's Travel Stops,Loves Travel Stops NASCAR,2024-05-19,0,Darlington
Love's Travel Stops,Loves Travel Stops NASCAR,2024-05-20,0,Darlington
Love's Travel Stops,Loves Travel Stops NASCAR,2024-05-21,0,Darlington
Love's Travel Stops,Loves Travel Stops NASCAR,2024-05-22,0,Darlington
Love's Travel Stops,Loves Travel Stops NASCAR,2024-05-23,0,Darlington
Love's Travel Stops,Loves Travel Stops NASCAR,2024-05-24,0,Darlington
Love's Travel Stops,Loves Travel Stops NASCAR,2024-05-25,0,Darlington
Love's Travel Stops,Loves Travel Stops NASCAR,2024-05-26,0,Charlotte
Love's Travel Stops,Loves Travel Stops NASCAR,2024-05-27,0,Charlotte
Love's Travel Stops,Loves Travel Stops NASCAR,2024-05-28,0,Charlotte
Love's Travel Stops,Loves Travel Stops NASCAR,2024-05-29,0,Charlotte
Love's Travel Stops,Loves Travel Stops NASCAR,2024-05-30,0,Charlotte
Love's Travel Stops,Loves Travel Stops NASCAR,2024-05-31,0,Charlotte
Love's Travel Stops,Loves Travel Stops NASCAR,2024-06-01,0,Charlotte
Love's Travel Stops,Loves Travel Stops NASCAR,2024-06-02,0,Charlotte
Love's Travel Stops,Loves Travel Stops NASCAR,2024-06-03,0,Gateway
Love's Travel Stops,Loves Travel Stops NASCAR,2024-06-04,0,Gateway
Love's Travel Stops,Loves Travel Stops NASCAR,2024-06-05,0,Gateway
Love's Travel Stops,Loves Travel Stops NASCAR,2024-06-06,0,Gateway
Love's Travel Stops,Loves Travel Stops NASCAR,2024-06-07,0,Gateway
Love's Travel Stops,Loves Travel Stops NASCAR,2024-06-08,0,Gateway
Love's Travel Stops,Loves Travel Stops NASCAR,2024-06-09,0,Gateway
Love's Travel Stops,Loves Travel Stops NASCAR,2024-06-10,0,Gateway
Love's Travel Stops,Loves Travel Stops NASCAR,2024-06-11,0,Sonoma
Love's Travel Stops,Loves Travel Stops NASCAR,2024-06-12,0,Sonoma
Love's Travel Stops,Loves Travel Stops NASCAR,2024-06-13,0,Sonoma
Love's Travel Stops,Loves Travel Stops NASCAR,2024-06-14,0,Sonoma
Love's Travel Stops,Loves Travel Stops NASCAR,2024-06-15,0,Sonoma
Love's Travel Stops,Loves Travel Stops NASCAR,2024-06-16,0,Sonoma
Love's Travel Stops,Loves Travel Stops NASCAR,2024-06-17,0,Sonoma
Love's Travel Stops,Loves Travel Stops NASCAR,2024-06-18,0,Iowa
Love's Travel Stops,Loves Travel Stops NASCAR,2024-06-19,0,Iowa
Love's Travel Stops,Loves Travel Stops NASCAR,2024-06-20,0,Iowa
Love's Travel Stops,Loves Travel Stops NASCAR,2024-06-21,0,Iowa
Love's Travel Stops,Loves Travel Stops NASCAR,2024-06-22,0,Iowa
Love's Travel Stops,Loves Travel Stops NASCAR,2024-06-23,0,Iowa
Love's Travel Stops,Loves Travel Stops NASCAR,2024-06-24,0,Iowa
Love's Travel Stops,Loves Travel Stops NASCAR,2024-06-25,0,Iowa
Love's Travel Stops,Loves Travel Stops NASCAR,2024-06-26,0,New Hampshire
Love's Travel Stops,Loves Travel Stops NASCAR,2024-06-27,0,New Hampshire
Love's Travel Stops,Loves Travel Stops NASCAR,2024-06-28,0,New Hampshire
Love's Travel Stops,Loves Travel Stops NASCAR,2024-06-29,0,New Hampshire
Love's Travel Stops,Loves Travel Stops NASCAR,2024-06-30,0,New Hampshire
Love's Travel Stops,Loves Travel Stops NASCAR,2024-07-01,0,New Hampshire
Love's Travel Stops,Loves Travel Stops NASCAR,2024-07-02,0,New Hampshire
Love's Travel Stops,Loves Travel Stops NASCAR,2024-07-03,0,Nashville
Love's Travel Stops,Loves Travel Stops NASCAR,2024-07-04,0,Nashville
Love's Travel Stops,Loves Travel Stops NASCAR,2024-07-05,0,Nashville
Love's Travel Stops,Loves Travel Stops NASCAR,2024-07-06,0,Nashville
Love's Travel Stops,Loves Travel Stops NASCAR,2024-07-07,0,Nashville
Love's Travel Stops,Loves Travel Stops NASCAR,2024-07-08,0,Nashville
Love's Travel Stops,Loves Travel Stops NASCAR,2024-07-09,0,Nashville
Love's Travel Stops,Loves Travel Stops NASCAR,2024-07-10,0,Nashville
Love's Travel Stops,Loves Travel Stops NASCAR,2024-07-11,0,Chicago Street Course
Love's Travel Stops,Loves Travel Stops NASCAR,2024-07-12,0,Chicago Street Course
Love's Travel Stops,Loves Travel Stops NASCAR,2024-07-13,0,Chicago Street Course
Love's Travel Stops,Loves Travel Stops NASCAR,2024-07-14,0,Chicago Street Course
Love's Travel Stops,Loves Travel Stops NASCAR,2024-07-15,0,Chicago Street Course
Love's Travel Stops,Loves Travel Stops NASCAR,2024-07-16,0,Chicago Street Course
Love's Travel Stops,Loves Travel Stops NASCAR,2024-07-17,0,Chicago Street Course
Love's Travel Stops,Loves Travel Stops NASCAR,2024-07-18,0,Chicago Street Course
Love's Travel Stops,Loves Travel Stops NASCAR,2024-07-19,0,Pocono
Love's Travel Stops,Loves Travel Stops NASCAR,2024-07-20,0,Pocono
Love's Travel Stops,Loves Travel Stops NASCAR,2024-07-21,0,Pocono
Love's Travel Stops,Loves Travel Stops NASCAR,2024-07-22,0,Pocono
Love's Travel Stops,Loves Travel Stops NASCAR,2024-07-23,0,Pocono
Love's Travel Stops,Loves Travel Stops NASCAR,2024-07-24,0,Pocono
Love's Travel Stops,Loves Travel Stops NASCAR,2024-07-25,0,Pocono
Love's Travel Stops,Loves Travel Stops NASCAR,2024-07-26,0,Indianapolis
Love's Travel Stops,Loves Travel Stops NASCAR,2024-07-27,0,Indianapolis
Love's Travel Stops,Loves Travel Stops NASCAR,2024-07-28,0,Indianapolis
Love's Travel Stops,Loves Travel Stops NASCAR,2024-07-29,0,Indianapolis
Love's Travel Stops,Loves Travel Stops NASCAR,2024-07-30,0,Indianapolis
Love's Travel Stops,Loves Travel Stops NASCAR,2024-07-31,0,Indianapolis
Love's Travel Stops,Loves Travel Stops NASCAR,2024-08-01,0,Indianapolis
Love's Travel Stops,Loves Travel Stops NASCAR,2024-08-02,0,Indianapolis
Love's Travel Stops,Loves Travel Stops NASCAR,2024-08-03,0,Indianapolis
Love's Travel Stops,Loves Travel Stops NASCAR,2024-08-04,0,Indianapolis
Love's Travel Stops,Loves Travel Stops NASCAR,2024-08-05,0,Indianapolis
Love's Travel Stops,Loves Travel Stops NASCAR,2024-08-06,0,Indianapolis
Love's Travel Stops,Loves Travel Stops NASCAR,2024-08-07,0,Indianapolis
Love's Travel Stops,Loves Travel Stops NASCAR,2024-08-08,0,Indianapolis
Love's Travel Stops,Loves Travel Stops NASCAR,2024-08-09,0,Indianapolis
Love's Travel Stops,Loves Travel Stops NASCAR,2024-08-10,0,Michigan
Love's Travel Stops,Loves Travel Stops NASCAR,2024-08-11,0,Michigan
Love's Travel Stops,Loves Travel Stops NASCAR,2024-08-12,0,Michigan
Love's Travel Stops,Loves Travel Stops NASCAR,2024-08-13,0,Michigan
Love's Travel Stops,Loves Travel Stops NASCAR,2024-08-14,0,Michigan
Love's Travel Stops,Loves Travel Stops NASCAR,2024-08-15,0,Michigan
Love's Travel Stops,Loves Travel Stops NASCAR,2024-08-16,0,Michigan
Love's Travel Stops,Loves Travel Stops NASCAR,2024-08-17,0,Michigan
Love's Travel Stops,Loves Travel Stops NASCAR,2024-08-18,0,Michigan
Love's Travel Stops,Loves Travel Stops NASCAR,2024-08-19,0,Michigan
Love's Travel Stops,Loves Travel Stops NASCAR,2024-08-20,0,Michigan
Love's Travel Stops,Loves Travel Stops NASCAR,2024-08-21,0,Michigan
Love's Travel Stops,Loves Travel Stops NASCAR,2024-08-22,0,Michigan
Love's Travel Stops,Loves Travel Stops NASCAR,2024-08-23,0,Michigan
Love's Travel Stops,Loves Travel Stops NASCAR,2024-08-24,0,Michigan
Love's Travel Stops,Loves Travel Stops NASCAR,2024-08-25,0,Michigan
Love's Travel Stops,Loves Travel Stops NASCAR,2024-08-26,0,Michigan
Love's Travel Stops,Loves Travel Stops NASCAR,2024-08-27,0,Michigan
Love's Travel Stops,Loves Travel Stops NASCAR,2024-08-28,0,Michigan
Love's Travel Stops,Loves Travel Stops NASCAR,2024-08-29,0,Michigan
Love's Travel Stops,Loves Travel Stops NASCAR,2024-08-30,0,Michigan
Love's Travel Stops,Loves Travel Stops NASCAR,2024-08-31,0,Michigan
Love's Travel Stops,Loves Travel Stops NASCAR,2024-09-01,0,Michigan
Love's Travel Stops,Loves Travel Stops NASCAR,2024-09-02,0,Michigan
Love's Travel Stops,Loves Travel Stops NASCAR,2024-09-03,0,Michigan
Love's Travel Stops,Loves Travel Stops NASCAR,2024-09-04,0,Michigan
Love's Travel Stops,Loves Travel Stops NASCAR,2024-09-05,0,Michigan
Love's Travel Stops,Loves Travel Stops NASCAR,2024-09-06,0,Michigan
Love's Travel Stops,Loves Travel Stops NASCAR,2024-09-07,0,Michigan
Love's Travel Stops,Loves Travel Stops NASCAR,2024-09-08,0,Michigan
Love's Travel Stops,Loves Travel Stops NASCAR,2024-09-09,0,Michigan
Love's Travel Stops,Loves Travel Stops NASCAR,2024-09-10,0,Watkins Glen
Love's Travel Stops,Loves Travel Stops NASCAR,2024-09-11,0,Watkins Glen
Love's Travel Stops,Loves Travel Stops NASCAR,2024-09-12,0,Watkins Glen
Love's Travel Stops,Loves Travel Stops NASCAR,2024-09-13,0,Watkins Glen
Love's Travel Stops,Loves Travel Stops NASCAR,2024-09-14,0,Watkins Glen
Love's Travel Stops,Loves Travel Stops NASCAR,2024-09-15,0,Watkins Glen
Love's Travel Stops,Loves Travel Stops NASCAR,2024-09-16,0,Watkins Glen
Love's Travel Stops,Loves Travel Stops NASCAR,2024-09-17,0,Watkins Glen
Love's Travel Stops,Loves Travel Stops NASCAR,2024-09-18,0,Watkins Glen
Love's Travel Stops,Loves Travel Stops NASCAR,2024-09-19,0,Watkins Glen
Love's Travel Stops,Loves Travel Stops NASCAR,2024-09-20,0,Watkins Glen
Love's Travel Stops,Loves Travel Stops NASCAR,2024-09-21,0,Watkins Glen
Love's Travel Stops,Loves Travel Stops NASCAR,2024-09-22,0,Watkins Glen
Love's Travel Stops,Loves Travel Stops NASCAR,2024-09-23,0,Watkins Glen
Love's Travel Stops,Loves Travel Stops NASCAR,2024-09-24,0,Watkins Glen
Love's Travel Stops,Loves Travel Stops NASCAR,2024-09-25,0,Watkins Glen
Love's Travel Stops,Loves Travel Stops NASCAR,2024-09-26,0,Watkins Glen
Love's Travel Stops,Loves Travel Stops NASCAR,2024-09-27,0,Watkins Glen
Love's Travel Stops,Loves Travel Stops NASCAR,2024-09-28,0,Watkins Glen
Love's Travel Stops,Loves Travel Stops NASCAR,2024-09-29,0,Watkins Glen
Love's Travel Stops,Loves Travel Stops NASCAR,2024-09-30,0,Watkins Glen
Love's Travel Stops,Loves Travel Stops NASCAR,2024-10-01,0,Watkins Glen
Love's Travel Stops,Loves Travel Stops NASCAR,2024-10-02,0,Watkins Glen
Love's Travel Stops,Loves Travel Stops NASCAR,2024-10-03,0,Watkins Glen
Love's Travel Stops,Loves Travel Stops NASCAR,2024-10-04,0,Watkins Glen
Love's Travel Stops,Loves Travel Stops NASCAR,2024-10-05,0,Watkins Glen
Love's Travel Stops,Loves Travel Stops NASCAR,2024-10-06,0,Watkins Glen
Love's Travel Stops,Loves Travel Stops NASCAR,2024-10-07,0,Watkins Glen
Love's Travel Stops,Loves Travel Stops NASCAR,2024-10-08,0,Watkins Glen
Love's Travel Stops,Loves Travel Stops NASCAR,2024-10-09,0,Watkins Glen
Love's Travel Stops,Loves Travel Stops NASCAR,2024-10-10,0,Charlotte Roval
Love's Travel Stops,Loves Travel Stops NASCAR,2024-10-11,0,Charlotte Roval
Love's Travel Stops,Loves Travel Stops NASCAR,2024-10-12,0,Charlotte Roval
Love's Travel Stops,Loves Travel Stops NASCAR,2024-10-13,0,Charlotte Roval
Love's Travel Stops,Loves Travel Stops NASCAR,2024-10-14,0,Charlotte Roval
Love's Travel Stops,Loves Travel Stops NASCAR,2024-10-15,0,Charlotte Roval
Love's Travel Stops,Loves Travel Stops NASCAR,2024-10-16,0,Charlotte Roval
Love's Travel Stops,Loves Travel Stops NASCAR,2024-10-17,0,Charlotte Roval
Love's Travel Stops,Loves Travel Stops NASCAR,2024-10-18,0,Charlotte Roval
Love's Travel Stops,Loves Travel Stops NASCAR,2024-10-19,0,Charlotte Roval
Love's Travel Stops,Loves Travel Stops NASCAR,2024-10-20,0,Charlotte Roval
Love's Travel Stops,Loves Travel Stops NASCAR,2024-10-21,0,Charlotte Roval
Love's Travel Stops,Loves Travel Stops NASCAR,2024-10-22,0,Charlotte Roval
Love's Travel Stops,Loves Travel Stops NASCAR,2024-10-23,0,Charlotte Roval
Love's Travel Stops,Loves Travel Stops NASCAR,2024-10-24,0,Charlotte Roval
Love's Travel Stops,Loves Travel Stops NASCAR,2024-10-25,0,Homestead
Love's Travel Stops,Loves Travel Stops NASCAR,2024-10-26,0,Homestead
Love's Travel Stops,Loves Travel Stops NASCAR,2024-10-27,0,Homestead
Love's Travel Stops,Loves Travel Stops NASCAR,2024-10-28,0,Homestead
Love's Travel Stops,Loves Travel Stops NASCAR,2024-10-29,0,Homestead
Love's Travel Stops,Loves Travel Stops NASCAR,2024-10-30,0,Homestead
Love's Travel Stops,Loves Travel Stops NASCAR,2024-10-31,0,Homestead
Love's Travel Stops,Loves Travel Stops NASCAR,2024-11-01,0,Homestead
Love's Travel Stops,Loves Travel Stops NASCAR,2024-11-02,0,Homestead
Love's Travel Stops,Loves Travel Stops NASCAR,2024-11-03,0,Homestead
Love's Travel Stops,Loves Travel Stops NASCAR,2024-11-04,0,Homestead
Love's Travel Stops,Loves Travel Stops NASCAR,2024-11-05,0,Homestead
Love's Travel Stops,Loves Travel Stops NASCAR,2024-11-06,0,Homestead
Love's Travel Stops,Loves Travel Stops NASCAR,2024-11-07,0,Homestead
Love's Travel Stops,Loves Travel Stops NASCAR,2024-11-08,0,Homestead
Love's Travel Stops,Loves Travel Stops NASCAR,2024-11-09,0,Homestead
Love's Travel Stops,Loves Travel Stops NASCAR,2024-11-10,72,Homestead
