race_number,race_name,race_date,video_id,video_title,channel,publish_date,view_count,like_count,comment_count,duration,url,features_FedEx,features_NAPA Auto Parts,features_McDonald's,features_Love's Travel Stops
-2,Daytona,NaT,LorQ6B3ocq0,NASCAR Cup Series: Daytona 500 2019 | EXTENDED HIGHLIGHTS | Motorsports on NBC,Motorsports on NBC,2019-02-18T02:27:59Z,12305704,90973,2123,PT9M56S,https://youtube.com/watch?v=LorQ6B3ocq0,False,False,False,False
-2,Daytona,NaT,-m0stGu0FMw,NASCAR Extended Highlights | Pure Michigan 400 (2013),NASCAR,2013-08-19T12:18:58Z,7182006,21996,558,PT11M31S,https://youtube.com/watch?v=-m0stGu0FMw,False,False,False,False
-2,Daytona,NaT,kqSa6teNT1Q,2024 Daytona 500 Highlights | NASCAR on FOX,NASCAR on FOX,2024-02-20T01:46:52Z,2452879,28337,1689,PT10M12S,https://youtube.com/watch?v=kqSa6teNT1Q,False,False,False,False
-2,Daytona,NaT,6UJaooKB52M,Could A 70s NASCAR Car Win The DAYTONA 500?,THE WIND TUNNEL,2025-02-14T01:16:31Z,1820629,18688,4385,PT12M2S,https://youtube.com/watch?v=6UJaooKB52M,False,False,False,False
-2,Daytona,NaT,YvzbR3z5re8,2021 Daytona 500 | NASCAR ON FOX HIGHLIGHTS,NASCAR on FOX,2021-02-15T05:50:31Z,1383805,14638,1271,PT14M25S,https://youtube.com/watch?v=YvzbR3z5re8,False,False,False,False
-2,Daytona,NaT,Cc3rFa2VdrI,2025 Daytona 500 Highlights | NASCAR Cup Series on FOX,NASCAR on FOX,2025-02-17T02:45:53Z,1237388,13450,2687,PT10M,https://youtube.com/watch?v=Cc3rFa2VdrI,False,False,False,False
-2,Daytona,NaT,C_1tdKW9bJo,Kyle Larson and Bubba Wallace FIGHT after wreck at Las Vegas | NASCAR ON FOX HIGHLIGHTS,NASCAR on FOX,2022-10-16T22:09:52Z,1060168,5800,4915,PT4M22S,https://youtube.com/watch?v=C_1tdKW9bJo,False,False,True,False
-2,Daytona,NaT,DP3PNLaOjyo,2023 Daytona 500 Highlights | NASCAR on FOX,NASCAR on FOX,2023-02-20T00:39:16Z,938918,10669,866,PT13M50S,https://youtube.com/watch?v=DP3PNLaOjyo,False,False,False,False
-2,Daytona,NaT,vKbhPThU9HE,Joey Logano - Daytona 500 - Raw Onboard,Ryan Shelton,2018-02-19T08:08:46Z,933095,12396,611,PT5M43S,https://youtube.com/watch?v=vKbhPThU9HE,False,False,False,False
-2,Daytona,NaT,-BxkuZ62LHA,Michael Jordan &amp; Tyler Reddick Celebrate DAYTONA 500 WIN 🏁 NASCAR on FOX,NASCAR on FOX,2026-02-16T00:01:34Z,875436,8655,918,PT8M46S,https://youtube.com/watch?v=-BxkuZ62LHA,False,False,False,False
0,Daytona,NaT,LorQ6B3ocq0,NASCAR Cup Series: Daytona 500 2019 | EXTENDED HIGHLIGHTS | Motorsports on NBC,Motorsports on NBC,2019-02-18T02:27:59Z,12305711,90973,2123,PT9M56S,https://youtube.com/watch?v=LorQ6B3ocq0,False,False,False,False
0,Daytona,NaT,-m0stGu0FMw,NASCAR Extended Highlights | Pure Michigan 400 (2013),NASCAR,2013-08-19T12:18:58Z,7182006,21996,558,PT11M31S,https://youtube.com/watch?v=-m0stGu0FMw,False,False,False,False
0,Daytona,NaT,kqSa6teNT1Q,2024 Daytona 500 Highlights | NASCAR on FOX,NASCAR on FOX,2024-02-20T01:46:52Z,2452879,28337,1689,PT10M12S,https://youtube.com/watch?v=kqSa6teNT1Q,False,False,False,False
0,Daytona,NaT,6UJaooKB52M,Could A 70s NASCAR Car Win The DAYTONA 500?,THE WIND TUNNEL,2025-02-14T01:16:31Z,1820629,18688,4385,PT12M2S,https://youtube.com/watch?v=6UJaooKB52M,False,False,False,False
0,Daytona,NaT,YvzbR3z5re8,2021 Daytona 500 | NASCAR ON FOX HIGHLIGHTS,NASCAR on FOX,2021-02-15T05:50:31Z,1383805,14638,1271,PT14M25S,https://youtube.com/watch?v=YvzbR3z5re8,False,False,False,False
0,Daytona,NaT,Cc3rFa2VdrI,2025 Daytona 500 Highlights | NASCAR Cup Series on FOX,NASCAR on FOX,2025-02-17T02:45:53Z,1237388,13450,2687,PT10M,https://youtube.com/watch?v=Cc3rFa2VdrI,False,False,False,False
0,Daytona,NaT,C_1tdKW9bJo,Kyle Larson and Bubba Wallace FIGHT after wreck at Las Vegas | NASCAR ON FOX HIGHLIGHTS,NASCAR on FOX,2022-10-16T22:09:52Z,1060194,5800,4915,PT4M22S,https://youtube.com/watch?v=C_1tdKW9bJo,False,False,True,False
0,Daytona,NaT,DP3PNLaOjyo,2023 Daytona 500 Highlights | NASCAR on FOX,NASCAR on FOX,2023-02-20T00:39:16Z,938917,10669,866,PT13M50S,https://youtube.com/watch?v=DP3PNLaOjyo,False,False,False,False
0,Daytona,NaT,vKbhPThU9HE,Joey Logano - Daytona 500 - Raw Onboard,Ryan Shelton,2018-02-19T08:08:46Z,933095,12396,611,PT5M43S,https://youtube.com/watch?v=vKbhPThU9HE,False,False,False,False
0,Daytona,NaT,-BxkuZ62LHA,Michael Jordan &amp; Tyler Reddick Celebrate DAYTONA 500 WIN 🏁 NASCAR on FOX,NASCAR on FOX,2026-02-16T00:01:34Z,875436,8655,918,PT8M46S,https://youtube.com/watch?v=-BxkuZ62LHA,False,False,False,False
1,Daytona,2024-02-18 00:00:00,LorQ6B3ocq0,NASCAR Cup Series: Daytona 500 2019 | EXTENDED HIGHLIGHTS | Motorsports on NBC,Motorsports on NBC,2019-02-18T02:27:59Z,12305711,90973,2123,PT9M56S,https://youtube.com/watch?v=LorQ6B3ocq0,False,False,False,False
1,Daytona,2024-02-18 00:00:00,-m0stGu0FMw,NASCAR Extended Highlights | Pure Michigan 400 (2013),NASCAR,2013-08-19T12:18:58Z,7182006,21996,558,PT11M31S,https://youtube.com/watch?v=-m0stGu0FMw,False,False,False,False
1,Daytona,2024-02-18 00:00:00,kqSa6teNT1Q,2024 Daytona 500 Highlights | NASCAR on FOX,NASCAR on FOX,2024-02-20T01:46:52Z,2452879,28337,1689,PT10M12S,https://youtube.com/watch?v=kqSa6teNT1Q,False,False,False,False
1,Daytona,2024-02-18 00:00:00,6UJaooKB52M,Could A 70s NASCAR Car Win The DAYTONA 500?,THE WIND TUNNEL,2025-02-14T01:16:31Z,1820629,18688,4385,PT12M2S,https://youtube.com/watch?v=6UJaooKB52M,False,False,False,False
1,Daytona,2024-02-18 00:00:00,YvzbR3z5re8,2021 Daytona 500 | NASCAR ON FOX HIGHLIGHTS,NASCAR on FOX,2021-02-15T05:50:31Z,1383805,14638,1271,PT14M25S,https://youtube.com/watch?v=YvzbR3z5re8,False,False,False,False
1,Daytona,2024-02-18 00:00:00,Cc3rFa2VdrI,2025 Daytona 500 Highlights | NASCAR Cup Series on FOX,NASCAR on FOX,2025-02-17T02:45:53Z,1237388,13450,2687,PT10M,https://youtube.com/watch?v=Cc3rFa2VdrI,False,False,False,False
1,Daytona,2024-02-18 00:00:00,C_1tdKW9bJo,Kyle Larson and Bubba Wallace FIGHT after wreck at Las Vegas | NASCAR ON FOX HIGHLIGHTS,NASCAR on FOX,2022-10-16T22:09:52Z,1060194,5800,4915,PT4M22S,https://youtube.com/watch?v=C_1tdKW9bJo,False,False,True,False
1,Daytona,2024-02-18 00:00:00,DP3PNLaOjyo,2023 Daytona 500 Highlights | NASCAR on FOX,NASCAR on FOX,2023-02-20T00:39:16Z,938917,10669,866,PT13M50S,https://youtube.com/watch?v=DP3PNLaOjyo,False,False,False,False
1,Daytona,2024-02-18 00:00:00,vKbhPThU9HE,Joey Logano - Daytona 500 - Raw Onboard,Ryan Shelton,2018-02-19T08:08:46Z,933095,12396,611,PT5M43S,https://youtube.com/watch?v=vKbhPThU9HE,False,False,False,False
1,Daytona,2024-02-18 00:00:00,-BxkuZ62LHA,Michael Jordan &amp; Tyler Reddick Celebrate DAYTONA 500 WIN 🏁 NASCAR on FOX,NASCAR on FOX,2026-02-16T00:01:34Z,875436,8655,918,PT8M46S,https://youtube.com/watch?v=-BxkuZ62LHA,False,False,False,False
2,Atlanta,2024-02-25 00:00:00,Cc3rFa2VdrI,2025 Daytona 500 Highlights | NASCAR Cup Series on FOX,NASCAR on FOX,2025-02-17T02:45:53Z,1237388,13450,2687,PT10M,https://youtube.com/watch?v=Cc3rFa2VdrI,False,False,False,False
2,Atlanta,2024-02-25 00:00:00,C_1tdKW9bJo,Kyle Larson and Bubba Wallace FIGHT after wreck at Las Vegas | NASCAR ON FOX HIGHLIGHTS,NASCAR on FOX,2022-10-16T22:09:52Z,1060194,5800,4915,PT4M22S,https://youtube.com/watch?v=C_1tdKW9bJo,False,False,True,False
2,Atlanta,2024-02-25 00:00:00,pxW8sbLaGmE,Braves vs. Reds Game Highlights (6/23/23) | MLB Highlights,MLB,2023-06-24T03:29:31Z,992809,11672,1060,PT9M54S,https://youtube.com/watch?v=pxW8sbLaGmE,False,False,False,False
2,Atlanta,2024-02-25 00:00:00,SK8Gc4vH2YM,HIGHLIGHTS | Formula DRIFT Atlanta 2022,Formula DRIFT,2022-05-12T17:00:11Z,983459,14598,165,PT6M17S,https://youtube.com/watch?v=SK8Gc4vH2YM,False,False,False,False
2,Atlanta,2024-02-25 00:00:00,RoV5gSrcFD8,"Wrecks, Drama, and a Last-Lap Pass in Atlanta | NASCAR Cup Series Official Extended Highlights",NASCAR,2025-06-29T04:05:41Z,648426,6061,742,PT18M3S,https://youtube.com/watch?v=RoV5gSrcFD8,False,False,False,False
2,Atlanta,2024-02-25 00:00:00,6wQERuqE_No,Playoffs or Bust at Daytona | 2025 NASCAR Cup Series Extended Highlights,NASCAR,2025-08-24T03:49:34Z,562345,6516,347,PT17M16S,https://youtube.com/watch?v=6wQERuqE_No,False,False,False,False
2,Atlanta,2024-02-25 00:00:00,gGHSrczolxM,NASCAR Cup Series at Atlanta | NASCAR ON FOX HIGHLIGHTS,NASCAR on FOX,2022-07-10T23:21:31Z,290401,3459,654,PT10M41S,https://youtube.com/watch?v=gGHSrczolxM,False,False,False,False
2,Atlanta,2024-02-25 00:00:00,sjIVFHtBrhg,"Crazy race, photo finish | Extended Highlights from Atlanta | NASCAR",NASCAR,2024-02-26T00:30:12Z,266728,3961,344,PT13M54S,https://youtube.com/watch?v=sjIVFHtBrhg,False,False,False,False
2,Atlanta,2024-02-25 00:00:00,ekE7TqieqjM,A Vegas Finish to Remember | 2025 NASCAR Cup Series Extended Highlights,NASCAR,2025-10-13T01:09:47Z,252780,4065,334,PT19M51S,https://youtube.com/watch?v=ekE7TqieqjM,False,False,False,False
2,Atlanta,2024-02-25 00:00:00,5D0geUZZBbc,Darlington Delivers Drama in Playoff Opener | 2025 NASCAR Cup Series Extended Highlights,NASCAR,2025-09-01T02:44:18Z,235454,3352,207,PT18M17S,https://youtube.com/watch?v=5D0geUZZBbc,False,False,False,False
3,Las Vegas,2024-03-04 00:00:00,uQc-pW3QLuI,Race Highlights | 2025 Las Vegas Grand Prix,FORMULA 1,2025-11-23T06:18:34Z,7995899,133654,5187,PT8M4S,https://youtube.com/watch?v=uQc-pW3QLuI,False,False,False,False
3,Las Vegas,2024-03-04 00:00:00,1tAwfD0PTsY,20 Times Pit Stops Went Wrong!,FORMULA 1,2024-07-12T16:00:02Z,7714781,58353,1247,PT11M50S,https://youtube.com/watch?v=1tAwfD0PTsY,False,False,False,False
3,Las Vegas,2024-03-04 00:00:00,hTqxfkWRimk,Race Highlights | 2025 Mexico City Grand Prix,FORMULA 1,2025-10-26T22:39:45Z,6375928,113923,6159,PT8M16S,https://youtube.com/watch?v=hTqxfkWRimk,False,False,False,False
3,Las Vegas,2024-03-04 00:00:00,CdKwc1bC44c,Race Highlights | 2025 United States Grand Prix,FORMULA 1,2025-10-19T21:34:35Z,5835422,110445,3686,PT8M27S,https://youtube.com/watch?v=CdKwc1bC44c,False,False,False,False
3,Las Vegas,2024-03-04 00:00:00,gC88zq9Y4gQ,Qualifying Highlights | 2025 Las Vegas Grand Prix,FORMULA 1,2025-11-22T05:46:45Z,4651363,83981,3256,PT7M37S,https://youtube.com/watch?v=gC88zq9Y4gQ,False,False,False,False
3,Las Vegas,2024-03-04 00:00:00,5IOU_Y0gx8s,When Max Verstappen Goes Mad Max for 9 Insane Minutes,BurnoutBios™,2024-10-08T09:00:04Z,4419147,61651,1910,PT9M29S,https://youtube.com/watch?v=5IOU_Y0gx8s,False,False,False,False
3,Las Vegas,2024-03-04 00:00:00,kqSa6teNT1Q,2024 Daytona 500 Highlights | NASCAR on FOX,NASCAR on FOX,2024-02-20T01:46:52Z,2452879,28337,1689,PT10M12S,https://youtube.com/watch?v=kqSa6teNT1Q,False,False,False,False
3,Las Vegas,2024-03-04 00:00:00,hCVutjMueJg,Random NASCAR Moments #4,Jake Baskinger,2022-04-29T23:00:27Z,2382701,15874,231,PT11M19S,https://youtube.com/watch?v=hCVutjMueJg,False,False,False,False
3,Las Vegas,2024-03-04 00:00:00,C_1tdKW9bJo,Kyle Larson and Bubba Wallace FIGHT after wreck at Las Vegas | NASCAR ON FOX HIGHLIGHTS,NASCAR on FOX,2022-10-16T22:09:52Z,1060194,5800,4915,PT4M22S,https://youtube.com/watch?v=C_1tdKW9bJo,False,False,True,False
3,Las Vegas,2024-03-04 00:00:00,G6545a3fY1w,NASCAR Music Video - Life is a Highway,JustAndEE,2020-02-01T18:04:07Z,986883,12182,523,PT4M43S,https://youtube.com/watch?v=G6545a3fY1w,False,False,False,False
4,Phoenix,2024-03-11 00:00:00,bATfFSmV_Lk,Race Highlights | 2026 INDYCAR at Phoenix,NTT INDYCAR SERIES,2026-03-07T22:48:31Z,304184,4919,422,PT9M36S,https://youtube.com/watch?v=bATfFSmV_Lk,False,False,False,False
4,Phoenix,2024-03-11 00:00:00,I3PzPW7bYcE,Go Bowling! PBA NASCAR Invitational at Phoenix Raceway Highlights | PBA on FOX,FOX Sports,2023-03-12T22:55:56Z,244365,1253,111,PT18M33S,https://youtube.com/watch?v=I3PzPW7bYcE,False,False,False,False
4,Phoenix,2024-03-11 00:00:00,pdJdN4woYfg,NASCAR Official Extended Highlights: Controversial Martinsville finish sets the Champ 4 field,NASCAR,2024-11-03T23:21:24Z,196279,2389,565,PT16M2S,https://youtube.com/watch?v=pdJdN4woYfg,False,False,False,False
4,Phoenix,2024-03-11 00:00:00,P3vUj_OERyQ,An Unbelievable End to the 2025 NASCAR Cup Series Season | Final Laps at Phoenix,NASCAR,2025-11-03T00:22:30Z,192967,1894,582,PT6M27S,https://youtube.com/watch?v=P3vUj_OERyQ,False,False,False,False
4,Phoenix,2024-03-11 00:00:00,rPWCAdympU0,NASCAR Official Extended Highlights: Double overtime decides the 2024 Xfinity Series Championship,NASCAR,2024-11-10T03:39:04Z,163061,2619,140,PT13M7S,https://youtube.com/watch?v=rPWCAdympU0,False,False,False,False
4,Phoenix,2024-03-11 00:00:00,G_JSj6Z7xV8,NASCAR Overtime ends in last-lap contact at Phoenix | NASCAR Official Extended Highlights,NASCAR,2025-03-09T01:09:54Z,158156,1670,120,PT13M59S,https://youtube.com/watch?v=G_JSj6Z7xV8,False,False,False,False
4,Phoenix,2024-03-11 00:00:00,RnaLPRUsj5k,NASCAR O&#39;Reilly Auto Parts Series Highlights | 2026 Phoenix Raceway,NASCAR,2026-03-08T03:18:49Z,155318,2327,127,PT16M58S,https://youtube.com/watch?v=RnaLPRUsj5k,False,False,False,False
4,Phoenix,2024-03-11 00:00:00,IHq6qcte6aA,NASCAR Official Extended Highlights: NASCAR Cup Series Champion crowned at Phoenix Raceway,NASCAR,2024-11-11T00:04:33Z,150995,2128,329,PT16M7S,https://youtube.com/watch?v=IHq6qcte6aA,False,False,False,False
4,Phoenix,2024-03-11 00:00:00,ivCtZT8tlFk,Phoenix decided in last-lap battle: NASCAR Official Extended Highlights | NASCAR Cup Series,NASCAR,2025-03-09T23:55:03Z,149584,2028,156,PT15M49S,https://youtube.com/watch?v=ivCtZT8tlFk,False,False,False,False
4,Phoenix,2024-03-11 00:00:00,PaIBWnZrTbo,NASCAR Cup Series: United Rentals Work United 500 at Phoenix Highlights | NASCAR on FOX,NASCAR on FOX,2023-03-12T23:49:08Z,127616,2026,275,PT11M5S,https://youtube.com/watch?v=PaIBWnZrTbo,False,False,False,False
5,Bristol,2024-03-19 00:00:00,hCVutjMueJg,Random NASCAR Moments #4,Jake Baskinger,2022-04-29T23:00:27Z,2382701,15874,231,PT11M19S,https://youtube.com/watch?v=hCVutjMueJg,False,False,False,False
5,Bristol,2024-03-19 00:00:00,9BZRzbJziOQ,Dale Earnhardt Jr.&#39;s best career moments | Best of NASCAR,NASCAR,2020-09-30T15:39:34Z,558358,8041,449,PT16M41S,https://youtube.com/watch?v=9BZRzbJziOQ,False,False,False,False
5,Bristol,2024-03-19 00:00:00,mdbb-phc7js,NASCAR Cup Series at Bristol Dirt | NASCAR ON FOX HIGHLIGHTS,NASCAR on FOX,2022-04-18T04:23:10Z,449359,5831,713,PT16M16S,https://youtube.com/watch?v=mdbb-phc7js,False,False,False,False
5,Bristol,2024-03-19 00:00:00,R-Btb9xHYiA,Food City Dirt Race at Bristol | NASCAR ON FOX HIGHLIGHTS,NASCAR on FOX,2021-03-30T00:55:36Z,433001,5177,814,PT12M34S,https://youtube.com/watch?v=R-Btb9xHYiA,False,False,False,False
5,Bristol,2024-03-19 00:00:00,ejGK-UdufuY,2024 Busch Light Clash at The Coliseum Highlights | NASCAR on FOX,NASCAR on FOX,2024-02-04T03:20:30Z,321294,3730,845,PT10M12S,https://youtube.com/watch?v=ejGK-UdufuY,False,False,False,False
5,Bristol,2024-03-19 00:00:00,77inieKseXU,NASCAR Cup Series at Bristol | NASCAR ON FOX HIGHLIGHTS,NASCAR on FOX,2021-09-19T03:27:22Z,242363,2730,373,PT11M54S,https://youtube.com/watch?v=77inieKseXU,False,False,False,False
5,Bristol,2024-03-19 00:00:00,TF-M6YfnoQA,Big wrecks and a new winner: Bristol Dirt Race | Extended Highlights,NASCAR,2021-03-30T00:18:52Z,206089,2558,477,PT10M18S,https://youtube.com/watch?v=TF-M6YfnoQA,False,False,False,False
5,Bristol,2024-03-19 00:00:00,BsEcMl7owJ0,NASCAR Cup Series EXTENDED HIGHLIGHTS: Bass Pro Shops Night Race | 9/21/24 | Motorsports on NBC,Motorsports on NBC,2024-09-22T03:35:32Z,202528,2898,283,PT16M10S,https://youtube.com/watch?v=BsEcMl7owJ0,False,False,False,False
5,Bristol,2024-03-19 00:00:00,Qf0hXVDVnzA,Playoffs Open With Short-Track Madness at Bristol | 2025 NASCAR Xfinity Series Extended Highlights,NASCAR,2025-09-13T02:13:21Z,201559,3099,160,PT15M12S,https://youtube.com/watch?v=Qf0hXVDVnzA,False,False,False,False
5,Bristol,2024-03-19 00:00:00,aDBaSUUSM5c,NASCAR Cup Series EXTENDED HIGHLIGHTS: Würth 400 at Dover | 4/28/24 | Motorsports on NBC,Motorsports on NBC,2024-04-28T22:27:19Z,191728,2544,263,PT16M37S,https://youtube.com/watch?v=aDBaSUUSM5c,False,False,False,False
6,COTA,2024-03-27 00:00:00,CdKwc1bC44c,Race Highlights | 2025 United States Grand Prix,FORMULA 1,2025-10-19T21:34:35Z,5835422,110445,3686,PT8M27S,https://youtube.com/watch?v=CdKwc1bC44c,False,False,False,False
6,COTA,2024-03-27 00:00:00,kqSa6teNT1Q,2024 Daytona 500 Highlights | NASCAR on FOX,NASCAR on FOX,2024-02-20T01:46:52Z,2452879,28337,1689,PT10M12S,https://youtube.com/watch?v=kqSa6teNT1Q,False,False,False,False
6,COTA,2024-03-27 00:00:00,fy8eGJ7qzMc,2026 Daytona 500 | NASCAR Cup Series Extended Highlights,NASCAR,2026-02-15T22:58:22Z,678613,9218,768,PT19M11S,https://youtube.com/watch?v=fy8eGJ7qzMc,False,False,False,False
6,COTA,2024-03-27 00:00:00,Yl08L6Y0y3Y,2025 Coca-Cola 600 | NASCAR Official Extended Highlights,NASCAR,2025-05-26T03:36:47Z,460036,5588,360,PT15M41S,https://youtube.com/watch?v=Yl08L6Y0y3Y,False,False,False,False
6,COTA,2024-03-27 00:00:00,UYVL_1KuaXM,2022 Coca-Cola 600 | NASCAR ON FOX HIGHLIGHTS | NASCAR ON FOX,NASCAR on FOX,2022-05-30T06:03:35Z,439170,5177,635,PT18M40S,https://youtube.com/watch?v=UYVL_1KuaXM,False,False,False,False
6,COTA,2024-03-27 00:00:00,Y0-SlCgIVRA,NASCAR Cup Series EXTENDED HIGHLIGHTS: Ally 400 at Nashville | 6/30/24 | Motorsports on NBC,Motorsports on NBC,2024-07-01T02:14:49Z,350093,4224,515,PT19M59S,https://youtube.com/watch?v=Y0-SlCgIVRA,False,False,False,False
6,COTA,2024-03-27 00:00:00,6MNJQpZhXCc,NASCAR Cup Series: EchoPark Automotive Grand Prix from Circuit of the Americas Highlights | NASCAR,NASCAR on FOX,2023-03-27T00:13:36Z,296386,4034,513,PT13M3S,https://youtube.com/watch?v=6MNJQpZhXCc,False,False,False,False
6,COTA,2024-03-27 00:00:00,dWw0SdMlng4,A WILD Sonoma Showdown | 2025 NASCAR Xfinity Series Extended Highlights,NASCAR,2025-07-12T23:37:18Z,267619,4119,379,PT15M12S,https://youtube.com/watch?v=dWw0SdMlng4,False,False,False,False
6,COTA,2024-03-27 00:00:00,jPGWRrJ-B_k,A Battle of Road-Course Aces | 2025 NASCAR Xfinity Series Extended Highlights at Watkins Glen,NASCAR,2025-08-10T00:51:49Z,233190,3196,409,PT14M2S,https://youtube.com/watch?v=jPGWRrJ-B_k,False,False,False,False
6,COTA,2024-03-27 00:00:00,VuTYjQr6nVM,NASCAR Cup Series EXTENDED HIGHLIGHTS: FireKeepers Casino 400 | 8/19/24 | Motorsports on NBC,Motorsports on NBC,2024-08-19T18:23:11Z,230901,3204,257,PT19M8S,https://youtube.com/watch?v=VuTYjQr6nVM,False,False,False,False
7,Richmond,2024-04-03 00:00:00,rZTEU1ospyI,Richmond Shakes Up the Playoffs | 2025 NASCAR Cup Series Extended Highlights,NASCAR,2025-08-17T03:31:50Z,337447,4269,481,PT17M4S,https://youtube.com/watch?v=rZTEU1ospyI,False,False,False,False
7,Richmond,2024-04-03 00:00:00,7G0WPJVFLKg,Richmond + Norwalk 2024,John Force Racing,2024-07-12T22:23:26Z,269997,2616,210,PT10M11S,https://youtube.com/watch?v=7G0WPJVFLKg,False,False,False,False
7,Richmond,2024-04-03 00:00:00,HU7wIi3VriY,NASCAR Cup Series EXTENDED HIGHLIGHTS: The Cook Out 400 at Richmond | 8/11/24 | Motorsports on NBC,Motorsports on NBC,2024-08-12T02:58:25Z,215055,2567,791,PT17M3S,https://youtube.com/watch?v=HU7wIi3VriY,False,False,False,False
7,Richmond,2024-04-03 00:00:00,kkHoLsOYSW8,Regular Season Finale Heats Up at Richmond | 2025 NASCAR Truck Series Extended Highlights,NASCAR,2025-08-16T02:50:33Z,178320,2456,106,PT16M52S,https://youtube.com/watch?v=kkHoLsOYSW8,False,False,False,False
7,Richmond,2024-04-03 00:00:00,C7x8sOMkyL8,Cook Out 400 at Martinsville Speedway | NASCAR Official Extended Highlights,NASCAR,2025-03-30T23:04:06Z,157221,2134,89,PT16M36S,https://youtube.com/watch?v=C7x8sOMkyL8,False,False,False,False
7,Richmond,2024-04-03 00:00:00,o1s3CSKemWs,NASCAR Official Extended Highlights : Richmond provides overtime drama in final laps | NASCAR,NASCAR,2024-08-12T01:31:39Z,153845,1543,468,PT9M24S,https://youtube.com/watch?v=o1s3CSKemWs,False,False,False,False
7,Richmond,2024-04-03 00:00:00,JPrMKIYd64o,NASCAR Cup Series EXTENDED HIGHLIGHTS: Toyota Owners 400 | 3/31/24 | Motorsports on NBC,Motorsports on NBC,2024-04-01T03:55:19Z,142737,1851,257,PT19M6S,https://youtube.com/watch?v=JPrMKIYd64o,False,False,False,False
7,Richmond,2024-04-03 00:00:00,BsPC0MEDOKc,Angry drivers and a thrilling race at Richmond  | Extended Highlights from the NASCAR Cup Series,NASCAR,2024-04-01T03:08:46Z,125195,1046,181,PT13M27S,https://youtube.com/watch?v=BsPC0MEDOKc,False,False,False,False
7,Richmond,2024-04-03 00:00:00,Q0U2qBKUxm0,NASCAR Xfinity Series EXTENDED HIGHLIGHTS: ToyotaCare 250 at Richmond | 3/30/24 | Motorsports on NBC,Motorsports on NBC,2024-03-30T20:58:42Z,114217,1577,97,PT12M39S,https://youtube.com/watch?v=Q0U2qBKUxm0,False,False,False,False
7,Richmond,2024-04-03 00:00:00,sdTsqjzmttA,Dale Jr.&#39;s Radio Highlights from Richmond,Dale Earnhardt Jr.'s Dirty Mo Media,2021-09-17T16:06:23Z,78177,2026,92,PT12M47S,https://youtube.com/watch?v=sdTsqjzmttA,False,False,False,False
8,Martinsville,2024-04-11 00:00:00,mdbb-phc7js,NASCAR Cup Series at Bristol Dirt | NASCAR ON FOX HIGHLIGHTS,NASCAR on FOX,2022-04-18T04:23:10Z,449369,5831,713,PT16M16S,https://youtube.com/watch?v=mdbb-phc7js,False,False,False,False
8,Martinsville,2024-04-11 00:00:00,23DvQ9oTvQQ,Championship 4 Set by Overtime Tiebreaker at Martinsville | 2025 Truck Series Extended Highlights,NASCAR,2025-10-25T00:53:28Z,228928,2867,275,PT16M47S,https://youtube.com/watch?v=23DvQ9oTvQQ,False,False,False,False
8,Martinsville,2024-04-11 00:00:00,pdJdN4woYfg,NASCAR Official Extended Highlights: Controversial Martinsville finish sets the Champ 4 field,NASCAR,2024-11-03T23:21:24Z,196279,2389,565,PT16M2S,https://youtube.com/watch?v=pdJdN4woYfg,False,False,False,False
8,Martinsville,2024-04-11 00:00:00,5DIqORrTtyc,"Radioactive: Martinsville - &quot;That was (expletive) ridiculous, dude!&quot; | NASCAR ON FOX",NASCAR on FOX,2022-11-02T23:42:47Z,192776,4398,297,PT7M10S,https://youtube.com/watch?v=5DIqORrTtyc,False,False,False,False
8,Martinsville,2024-04-11 00:00:00,hdVA9F-WFkg,Xfinity Series at Martinsville Speedway | NASCAR Official Extended Highlights,NASCAR,2025-03-30T00:34:50Z,186226,2067,229,PT16M1S,https://youtube.com/watch?v=hdVA9F-WFkg,False,False,False,False
8,Martinsville,2024-04-11 00:00:00,C7x8sOMkyL8,Cook Out 400 at Martinsville Speedway | NASCAR Official Extended Highlights,NASCAR,2025-03-30T23:04:06Z,157221,2134,89,PT16M36S,https://youtube.com/watch?v=C7x8sOMkyL8,False,False,False,False
8,Martinsville,2024-04-11 00:00:00,MsBqBhGhaPA,NASCAR Cup Series at Martinsville Speedway | NASCAR ON FOX HIGHLIGHTS,NASCAR on FOX,2022-04-10T05:04:39Z,146104,1928,239,PT9M16S,https://youtube.com/watch?v=MsBqBhGhaPA,False,False,False,False
8,Martinsville,2024-04-11 00:00:00,rF144AADTWU,Playoff drivers fight to the wire for a championship berth | Extended Highlights from Martinsville,NASCAR,2023-10-29T21:51:32Z,142612,1678,132,PT12M47S,https://youtube.com/watch?v=rF144AADTWU,False,False,False,False
8,Martinsville,2024-04-11 00:00:00,bYhQwlDUL3U,NASCAR Cup Series EXTENDED HIGHLIGHTS: Cook Out 400 | 4/7/24 | Motorsports on NBC,Motorsports on NBC,2024-04-07T23:12:44Z,130991,1811,172,PT14M10S,https://youtube.com/watch?v=bYhQwlDUL3U,False,False,False,False
8,Martinsville,2024-04-11 00:00:00,ej9KTYlC7I4,NASCAR Overtime decides Martinsville | Extended Highlights | NASCAR Cup Series,NASCAR,2024-04-07T22:29:01Z,121017,1265,158,PT11M46S,https://youtube.com/watch?v=ej9KTYlC7I4,False,False,False,False
9,Texas,2024-04-18 00:00:00,CdKwc1bC44c,Race Highlights | 2025 United States Grand Prix,FORMULA 1,2025-10-19T21:34:35Z,5835422,110445,3686,PT8M27S,https://youtube.com/watch?v=CdKwc1bC44c,False,False,False,False
9,Texas,2024-04-18 00:00:00,kqSa6teNT1Q,2024 Daytona 500 Highlights | NASCAR on FOX,NASCAR on FOX,2024-02-20T01:46:52Z,2452879,28337,1689,PT10M12S,https://youtube.com/watch?v=kqSa6teNT1Q,False,False,False,False
9,Texas,2024-04-18 00:00:00,C_1tdKW9bJo,Kyle Larson and Bubba Wallace FIGHT after wreck at Las Vegas | NASCAR ON FOX HIGHLIGHTS,NASCAR on FOX,2022-10-16T22:09:52Z,1060194,5800,4915,PT4M22S,https://youtube.com/watch?v=C_1tdKW9bJo,False,False,True,False
9,Texas,2024-04-18 00:00:00,9BZRzbJziOQ,Dale Earnhardt Jr.&#39;s best career moments | Best of NASCAR,NASCAR,2020-09-30T15:39:34Z,558358,8041,449,PT16M41S,https://youtube.com/watch?v=9BZRzbJziOQ,False,False,False,False
9,Texas,2024-04-18 00:00:00,7xMHQET-ec8,NASCAR Cup EXTENDED HIGHLIGHTS: Autotrader EchoPark Automotive 400 | 4/14/24 | Motorsports on NBC,Motorsports on NBC,2024-04-15T00:12:14Z,217848,3089,324,PT18M55S,https://youtube.com/watch?v=7xMHQET-ec8,False,False,False,False
9,Texas,2024-04-18 00:00:00,Drsyw_2ujlM,Race Highlights | 2026 INDYCAR at Arlington,NTT INDYCAR SERIES,2026-03-15T19:15:19Z,211414,4303,393,PT10M20S,https://youtube.com/watch?v=Drsyw_2ujlM,False,False,False,False
9,Texas,2024-04-18 00:00:00,z6aYfoGT0Vo,NASCAR official Extended Highlights: 2024 Chicago Street Race,NASCAR,2024-07-08T02:03:21Z,205867,2971,424,PT17M6S,https://youtube.com/watch?v=z6aYfoGT0Vo,False,False,False,False
9,Texas,2024-04-18 00:00:00,ZT3anG0nn-o,NASCAR Cup Series 2025: Viva Mexico 250 at Mexico City | EXTENDED HIGHLIGHTS | Motorsports on NBC,Motorsports on NBC,2025-06-15T23:42:48Z,179858,3191,316,PT17M,https://youtube.com/watch?v=ZT3anG0nn-o,False,False,False,False
9,Texas,2024-04-18 00:00:00,9myMnj-yAp0,NASCAR Official Extended Highlights: 2024 Bristol Night Race,NASCAR,2024-09-22T02:38:22Z,170803,1976,266,PT11M40S,https://youtube.com/watch?v=9myMnj-yAp0,False,False,False,False
9,Texas,2024-04-18 00:00:00,pkmIH9Nkoo4,Xfinity Series at Texas Motor Speedway | NASCAR Official Extended Highlights,NASCAR,2025-05-03T22:09:29Z,167220,2226,141,PT14M52S,https://youtube.com/watch?v=pkmIH9Nkoo4,False,False,False,False
10,Talladega,2024-04-26 00:00:00,-m0stGu0FMw,NASCAR Extended Highlights | Pure Michigan 400 (2013),NASCAR,2013-08-19T12:18:58Z,7182006,21996,558,PT11M31S,https://youtube.com/watch?v=-m0stGu0FMw,False,False,False,False
10,Talladega,2024-04-26 00:00:00,kqSa6teNT1Q,2024 Daytona 500 Highlights | NASCAR on FOX,NASCAR on FOX,2024-02-20T01:46:52Z,2452879,28337,1689,PT10M12S,https://youtube.com/watch?v=kqSa6teNT1Q,False,False,False,False
10,Talladega,2024-04-26 00:00:00,hCVutjMueJg,Random NASCAR Moments #4,Jake Baskinger,2022-04-29T23:00:27Z,2382701,15874,231,PT11M19S,https://youtube.com/watch?v=hCVutjMueJg,False,False,False,False
10,Talladega,2024-04-26 00:00:00,vn8Ftl9s3vw,NASCAR&#39;s Worst Crashes at Talladega,NR62,2024-04-17T23:15:49Z,1029417,4103,305,PT15M49S,https://youtube.com/watch?v=vn8Ftl9s3vw,False,False,False,False
10,Talladega,2024-04-26 00:00:00,G6545a3fY1w,NASCAR Music Video - Life is a Highway,JustAndEE,2020-02-01T18:04:07Z,986883,12182,523,PT4M43S,https://youtube.com/watch?v=G6545a3fY1w,False,False,False,False
10,Talladega,2024-04-26 00:00:00,dAPRKFaL7U8,Talladega&#39;s Final Laps Ends in Chaotic Finish | 2026 NASCAR ARCA Menards Series,NASCAR,2026-04-25T19:41:05Z,985827,13471,1495,PT5M59S,https://youtube.com/watch?v=dAPRKFaL7U8,False,False,False,False
10,Talladega,2024-04-26 00:00:00,epLgbfKSqQ8,Talladega white noise: Seven minutes of uninterrupted sounds from the track,NASCAR,2023-10-02T18:39:46Z,981424,9715,346,PT7M49S,https://youtube.com/watch?v=epLgbfKSqQ8,False,False,False,False
10,Talladega,2024-04-26 00:00:00,6wQERuqE_No,Playoffs or Bust at Daytona | 2025 NASCAR Cup Series Extended Highlights,NASCAR,2025-08-24T03:49:34Z,562345,6516,347,PT17M16S,https://youtube.com/watch?v=6wQERuqE_No,False,False,False,False
10,Talladega,2024-04-26 00:00:00,WVJKXECP4_w,Talladega ends in wild photo finish | NASCAR Cup Series Extended Highlights,NASCAR,2023-10-01T21:37:10Z,548257,5673,323,PT13M48S,https://youtube.com/watch?v=WVJKXECP4_w,False,False,False,False
10,Talladega,2024-04-26 00:00:00,IXhqq7q0gyY,NASCAR Cup Series: Geico 500 Highlights | NASCAR on FOX,NASCAR on FOX,2024-04-21T23:42:42Z,373944,4421,211,PT10M9S,https://youtube.com/watch?v=IXhqq7q0gyY,False,False,False,False
11,Dover,2024-05-04 00:00:00,r81GI_zwav4,NASCAR Cup Series at Dover | NASCAR ON FOX HIGHLIGHTS,NASCAR on FOX,2022-05-02T20:14:32Z,314732,4039,596,PT13M43S,https://youtube.com/watch?v=r81GI_zwav4,False,False,False,False
11,Dover,2024-05-04 00:00:00,pARoSj_HuRM,Overtime Battle at the Monster Mile | 2025 NASCAR Cup Series Extended Highlights at Dover,NASCAR,2025-07-20T23:40:21Z,265290,3194,345,PT16M35S,https://youtube.com/watch?v=pARoSj_HuRM,False,False,False,False
11,Dover,2024-05-04 00:00:00,7xMHQET-ec8,NASCAR Cup EXTENDED HIGHLIGHTS: Autotrader EchoPark Automotive 400 | 4/14/24 | Motorsports on NBC,Motorsports on NBC,2024-04-15T00:12:14Z,217848,3089,324,PT18M55S,https://youtube.com/watch?v=7xMHQET-ec8,False,False,False,False
11,Dover,2024-05-04 00:00:00,aDBaSUUSM5c,NASCAR Cup Series EXTENDED HIGHLIGHTS: Würth 400 at Dover | 4/28/24 | Motorsports on NBC,Motorsports on NBC,2024-04-28T22:27:19Z,191728,2544,263,PT16M37S,https://youtube.com/watch?v=aDBaSUUSM5c,False,False,False,False
11,Dover,2024-05-04 00:00:00,6f-_gL4_NNg,INSANE Comeback at Bristol Motor Speedway | 2025 NASCAR Truck Series Extended Highlights,NASCAR,2025-09-12T02:25:58Z,176820,2512,112,PT13M26S,https://youtube.com/watch?v=6f-_gL4_NNg,False,False,False,False
11,Dover,2024-05-04 00:00:00,dCs8YOnf0eg,NASCAR Craftsman Truck Series Highlights | 2026 Dover Motor Speedway,NASCAR,2026-05-15T23:40:06Z,148365,3044,340,PT18M48S,https://youtube.com/watch?v=dCs8YOnf0eg,False,False,False,False
11,Dover,2024-05-04 00:00:00,fSKLtYDNEqo,Würth 400 from Dover Motor Speedway | NASCAR Cup Series Extended Highlights,NASCAR,2023-05-01T19:56:33Z,141950,1672,171,PT11M53S,https://youtube.com/watch?v=fSKLtYDNEqo,False,False,False,False
11,Dover,2024-05-04 00:00:00,darHRk-5Kkc,NASCAR Xfinity Series EXTENDED HIGHLIGHTS: BetRivers 200 | 4/27/24 | Motorsports on NBC,Motorsports on NBC,2024-04-27T21:13:47Z,112973,1678,165,PT15M57S,https://youtube.com/watch?v=darHRk-5Kkc,False,False,False,False
11,Dover,2024-05-04 00:00:00,n1165iAISlM,NASCAR Official Extended Highlights from Iowa | 2024 Iowa Corn 350,NASCAR,2024-06-17T02:33:47Z,109903,1734,89,PT15M49S,https://youtube.com/watch?v=n1165iAISlM,False,False,False,False
11,Dover,2024-05-04 00:00:00,nOR3OUCuriM,AutoTrader EchoPark Automotive 400 Highlights | NASCAR on FOX,NASCAR on FOX,2024-04-15T00:19:29Z,99460,1890,179,PT13M27S,https://youtube.com/watch?v=nOR3OUCuriM,False,False,False,False
12,Kansas,2024-05-11 00:00:00,hCVutjMueJg,Random NASCAR Moments #4,Jake Baskinger,2022-04-29T23:00:27Z,2382701,15874,231,PT11M19S,https://youtube.com/watch?v=hCVutjMueJg,False,False,False,False
12,Kansas,2024-05-11 00:00:00,Cc3rFa2VdrI,2025 Daytona 500 Highlights | NASCAR Cup Series on FOX,NASCAR on FOX,2025-02-17T02:45:53Z,1237388,13450,2687,PT10M,https://youtube.com/watch?v=Cc3rFa2VdrI,False,False,False,False
12,Kansas,2024-05-11 00:00:00,g5-mvg6NPs8,Playoff Heat Ramps Up in Kansas | 2025 NASCAR Xfinity Series Extended Highlights,NASCAR,2025-09-27T23:11:53Z,213692,2858,94,PT19M28S,https://youtube.com/watch?v=g5-mvg6NPs8,False,False,False,False
12,Kansas,2024-05-11 00:00:00,57BJ8QugJXc,NASCAR Official Extended Highlights from Kansas: Action packed race produces photo finish,NASCAR,2024-05-06T01:57:13Z,177996,2277,298,PT13M17S,https://youtube.com/watch?v=57BJ8QugJXc,False,False,False,False
12,Kansas,2024-05-11 00:00:00,Kki7gVSe35k,NASCAR Cup Series EXTENDED HIGHLIGHTS: AdventHealth 400 | 5/5/24 | Motorsports on NBC,Motorsports on NBC,2024-05-06T03:02:38Z,176051,2508,240,PT15M53S,https://youtube.com/watch?v=Kki7gVSe35k,False,False,False,False
12,Kansas,2024-05-11 00:00:00,NRUtj1jEtgU,NASCAR Cup Series EXTENDED HIGHLIGHTS: Hollywood Casino 400 | 9/29/24 | Motorsports on NBC,Motorsports on NBC,2024-09-29T23:42:03Z,170063,2664,180,PT19M5S,https://youtube.com/watch?v=NRUtj1jEtgU,False,False,False,False
12,Kansas,2024-05-11 00:00:00,Y6Yt7KnzTAU,NASCAR Cup Series 2025: AdventHealth 400 | EXTENDED HIGHLIGHTS | 5/11/25 | Motorsports on NBC,Motorsports on NBC,2025-05-11T23:30:11Z,155100,2448,158,PT19M21S,https://youtube.com/watch?v=Y6Yt7KnzTAU,False,False,False,False
12,Kansas,2024-05-11 00:00:00,VTBqA77xDE4,Kansas Final Laps ERUPT in Overtime | 2026 NASCAR Cup Series,NASCAR,2026-04-19T21:21:04Z,135039,1399,405,PT5M56S,https://youtube.com/watch?v=VTBqA77xDE4,False,False,False,False
12,Kansas,2024-05-11 00:00:00,KU9dDCfINEk,Cup Series at Kansas Speedway | NASCAR Official Extended Highlights,NASCAR,2025-05-11T23:14:01Z,125654,1812,74,PT14M25S,https://youtube.com/watch?v=KU9dDCfINEk,False,False,False,False
12,Kansas,2024-05-11 00:00:00,TLrdPWKjSnA,NASCAR Cup Series: AdventHealth 400 Highlights | NASCAR on FOX,NASCAR on FOX,2025-05-11T22:27:28Z,124404,2141,296,PT10M,https://youtube.com/watch?v=TLrdPWKjSnA,False,False,False,False
13,Darlington,2024-05-19 00:00:00,5D0geUZZBbc,Darlington Delivers Drama in Playoff Opener | 2025 NASCAR Cup Series Extended Highlights,NASCAR,2025-09-01T02:44:18Z,235454,3352,207,PT18M17S,https://youtube.com/watch?v=5D0geUZZBbc,False,False,False,False
13,Darlington,2024-05-19 00:00:00,jz5q9C4-MYo,NASCAR Cup Series at Darlington | NASCAR ON FOX HIGHLIGHTS,NASCAR on FOX,2022-05-09T00:53:13Z,185592,2556,503,PT16M2S,https://youtube.com/watch?v=jz5q9C4-MYo,False,False,False,False
13,Darlington,2024-05-19 00:00:00,HSbr3aUQIbc,NASCAR Cup Series EXTENDED HIGHLIGHTS: Cook Out Southern 500 | 9/1/2024 | Motorsports on NBC,Motorsports on NBC,2024-09-02T03:36:07Z,174980,2831,299,PT17M36S,https://youtube.com/watch?v=HSbr3aUQIbc,False,False,False,False
13,Darlington,2024-05-19 00:00:00,pomYvecMHDs,NASCAR Official Extended Highlights: Tempers flare at Darlington Raceway | Goodyear 400,NASCAR,2024-05-12T23:00:54Z,171105,1873,147,PT14M23S,https://youtube.com/watch?v=pomYvecMHDs,False,False,False,False
13,Darlington,2024-05-19 00:00:00,wFl7s5VyP4Q,NASCAR Official Extended Highlights: Darlington Southern 500 ends with nail-biting finish,NASCAR,2024-09-02T02:31:22Z,168526,2195,248,PT17M6S,https://youtube.com/watch?v=wFl7s5VyP4Q,False,False,False,False
13,Darlington,2024-05-19 00:00:00,Bd8WvNdVifw,"NASCAR Cup Series 2025: Cook Out Southern 500, Darlington | EXTENDED HIGHLIGHTS | Motorsports on NBC",Motorsports on NBC,2025-09-01T03:40:40Z,164111,2340,169,PT15M11S,https://youtube.com/watch?v=Bd8WvNdVifw,False,False,False,False
13,Darlington,2024-05-19 00:00:00,O7LffphFK3M,NASCAR Cup Series: Goodyear 400 at Darlington Highlights | NASCAR on FOX,NASCAR on FOX,2023-05-14T23:44:01Z,163024,2639,329,PT10M13S,https://youtube.com/watch?v=O7LffphFK3M,False,False,False,False
13,Darlington,2024-05-19 00:00:00,5WjAq58WpPg,NASCAR Cup Series EXTENDED HIGHLIGHTS: Enjoy Illinois 300 | 6/2/24 | Motorsports on NBC,Motorsports on NBC,2024-06-02T23:19:18Z,161930,2207,171,PT12M20S,https://youtube.com/watch?v=5WjAq58WpPg,False,False,False,False
13,Darlington,2024-05-19 00:00:00,PLgGKVEgWgI,NASCAR Cup Series EXTENDED HIGHLIGHTS: Goodyear 400 | 5/12/24 | Motorsports on NBC,Motorsports on NBC,2024-05-12T23:30:50Z,148611,2406,166,PT15M1S,https://youtube.com/watch?v=PLgGKVEgWgI,False,False,False,False
13,Darlington,2024-05-19 00:00:00,J0VhrLIyW8Q,NASCAR Xfinity Series EXTENDED HIGHLIGHTS: Sport Clips Haircuts 200 | 8/31/24 | Motorsports on NBC,Motorsports on NBC,2024-08-31T22:32:21Z,146106,2181,278,PT15M29S,https://youtube.com/watch?v=J0VhrLIyW8Q,False,False,False,False
14,Charlotte,2024-05-26 00:00:00,6wQERuqE_No,Playoffs or Bust at Daytona | 2025 NASCAR Cup Series Extended Highlights,NASCAR,2025-08-24T03:49:34Z,562345,6516,347,PT17M16S,https://youtube.com/watch?v=6wQERuqE_No,False,False,False,False
14,Charlotte,2024-05-26 00:00:00,Yl08L6Y0y3Y,2025 Coca-Cola 600 | NASCAR Official Extended Highlights,NASCAR,2025-05-26T03:36:47Z,460036,5588,360,PT15M41S,https://youtube.com/watch?v=Yl08L6Y0y3Y,False,False,False,False
14,Charlotte,2024-05-26 00:00:00,UYVL_1KuaXM,2022 Coca-Cola 600 | NASCAR ON FOX HIGHLIGHTS | NASCAR ON FOX,NASCAR on FOX,2022-05-30T06:03:35Z,439170,5177,635,PT18M40S,https://youtube.com/watch?v=UYVL_1KuaXM,False,False,False,False
14,Charlotte,2024-05-26 00:00:00,wbWcRTGN3JE,Coca-Cola 600 Extended Highlights | NASCAR Cup Series,NASCAR,2023-05-30T01:06:46Z,264515,3485,187,PT15M21S,https://youtube.com/watch?v=wbWcRTGN3JE,False,False,False,False
14,Charlotte,2024-05-26 00:00:00,VRL88j0Vn6E,NASCAR Cup Series EXTENDED HIGHLIGHTS: Bank of America ROVAL | 10/13/24 | Motorsports on NBC,Motorsports on NBC,2024-10-13T23:03:41Z,229420,3315,200,PT19M59S,https://youtube.com/watch?v=VRL88j0Vn6E,False,False,False,False
14,Charlotte,2024-05-26 00:00:00,PNeBcyP3Xws,Shane van Gisbergen Outduels Kyle Larson for Charlotte Roval Win | 2025 NASCAR Cup Series,NASCAR,2025-10-05T23:12:32Z,213609,1586,183,PT4M59S,https://youtube.com/watch?v=PNeBcyP3Xws,False,False,False,False
14,Charlotte,2024-05-26 00:00:00,6TBPCtspk0w,Emotional Layne Riggs Honors Kyle Busch After Win | 2026 NASCAR Craftsman Truck Series,NASCAR,2026-05-24T17:01:14Z,212500,3004,155,PT4M22S,https://youtube.com/watch?v=6TBPCtspk0w,False,False,False,False
14,Charlotte,2024-05-26 00:00:00,lcaWSHLxkHk,Road-Course Chaos and Playoff Drama | 2025 NASCAR Extended Highlights from the Charlotte Roval,NASCAR,2025-10-03T22:45:41Z,189988,2379,122,PT11M39S,https://youtube.com/watch?v=lcaWSHLxkHk,False,False,False,False
14,Charlotte,2024-05-26 00:00:00,cqv8MRlgKHA,Best Things To Do in Charlotte North Carolina 2026 4K,Island Hopper TV,2024-05-31T13:36:06Z,189907,6644,144,PT11M56S,https://youtube.com/watch?v=cqv8MRlgKHA,False,False,False,False
14,Charlotte,2024-05-26 00:00:00,e6Zk1LzeHHs,NASCAR Cup Series EXTENDED HIGHLIGHTS: Bank of America ROVAL 400 | 10/8/23 | Motorsports on NBC,Motorsports on NBC,2023-10-08T23:27:56Z,164872,2115,221,PT18M36S,https://youtube.com/watch?v=e6Zk1LzeHHs,False,False,False,False
15,Gateway,2024-06-03 00:00:00,RtcxsRLaPBs,NASCAR Cup Series: Enjoy Illinois 300 Highlights | NASCAR on FOX,NASCAR on FOX,2023-06-05T02:25:04Z,162497,2684,256,PT11M4S,https://youtube.com/watch?v=RtcxsRLaPBs,False,False,False,False
15,Gateway,2024-06-03 00:00:00,5WjAq58WpPg,NASCAR Cup Series EXTENDED HIGHLIGHTS: Enjoy Illinois 300 | 6/2/24 | Motorsports on NBC,Motorsports on NBC,2024-06-02T23:19:18Z,161929,2207,171,PT12M20S,https://youtube.com/watch?v=5WjAq58WpPg,False,False,False,False
15,Gateway,2024-06-03 00:00:00,Tlvzw7FfCRs,NASCAR Official Extended Highlights: Heartbreak for Ryan Blaney at Gateway | 2024 Enjoy Illinois 300,NASCAR,2024-06-02T23:02:50Z,91336,1261,98,PT13M30S,https://youtube.com/watch?v=Tlvzw7FfCRs,False,False,False,False
15,Gateway,2024-06-03 00:00:00,t4w88oRLlHE,HOW DOES THIS HAPPEN!?! | NASCAR Cup Series At Gateway REACTIONS &amp; HIGHLIGHTS,YouToo,2024-06-02T23:14:03Z,4080,208,79,PT8M25S,https://youtube.com/watch?v=t4w88oRLlHE,False,False,False,False
15,Gateway,2024-06-03 00:00:00,A2pzyZB1-vU,OUT OF FUEL! | NASCAR Gateway Race Highlights &amp; Reaction,JettMDK,2024-06-03T00:20:33Z,3172,187,34,PT15M57S,https://youtube.com/watch?v=A2pzyZB1-vU,False,False,False,False
15,Gateway,2024-06-03 00:00:00,SUMfYYcPRT0,FINISH OF QUALIFYING - 2024 TOYOTA 200 NASCAR TRUCK SERIES AT GATEWAY,Defined Fate,2024-05-31T23:14:26Z,1240,55,4,PT4M43S,https://youtube.com/watch?v=SUMfYYcPRT0,False,False,False,False
15,Gateway,2024-06-03 00:00:00,KAlHXSzt9YY,FIRST LAPS OF PRACTICE - 2024 ENJOY ILLINOIS 300 NASCAR CUP SERIES AT GATEWAY,Defined Fate,2024-06-01T13:41:15Z,1184,34,7,PT5M7S,https://youtube.com/watch?v=KAlHXSzt9YY,False,False,False,False
15,Gateway,2024-06-03 00:00:00,ryp4J_WVBrU,REALLY?? NASCAR Highlights: Heartbreak for Ryan Blaney at Gateway 2024 Enjoy Illinois 300(REACTION),Bklyn_reau,2024-06-04T00:31:46Z,1023,74,29,PT19M13S,https://youtube.com/watch?v=ryp4J_WVBrU,False,False,False,False
15,Gateway,2024-06-03 00:00:00,BgtxQ4_GtFk,FINISH OF PRACTICE - 2024 ENJOY ILLINOIS 300 NASCAR CUP SERIES AT GATEWAY,Defined Fate,2024-06-01T14:04:07Z,877,28,2,PT4M2S,https://youtube.com/watch?v=BgtxQ4_GtFk,False,False,False,False
15,Gateway,2024-06-03 00:00:00,F8g-VvnYalU,"HIGHLIGHTS from USAC Silver Crown at Gateway || ALL Starts, Restarts, and OVERTAKES! || 8/16/24",NathanJByrd,2024-09-01T00:30:12Z,140,6,3,PT5M6S,https://youtube.com/watch?v=F8g-VvnYalU,False,False,False,False
16,Sonoma,2024-06-11 00:00:00,Tvx9lJniIgc,Hard Racing &amp; Heated Moments in Sonoma | 2025 NASCAR Cup Series Extended Highlights,NASCAR,2025-07-13T23:40:28Z,277489,3997,368,PT16M34S,https://youtube.com/watch?v=Tvx9lJniIgc,False,False,False,False
16,Sonoma,2024-06-11 00:00:00,dWw0SdMlng4,A WILD Sonoma Showdown | 2025 NASCAR Xfinity Series Extended Highlights,NASCAR,2025-07-12T23:37:18Z,267619,4119,379,PT15M12S,https://youtube.com/watch?v=dWw0SdMlng4,False,False,False,False
16,Sonoma,2024-06-11 00:00:00,szxcSkqEEAg,"NASCAR Xfinity Series EXTENDED HIGHLIGHTS: Zip Buy Now, Pay Later 250 | 6/8/24 | Motorsports on NBC",Motorsports on NBC,2024-06-09T03:28:32Z,210413,2948,527,PT14M52S,https://youtube.com/watch?v=szxcSkqEEAg,False,False,False,False
16,Sonoma,2024-06-11 00:00:00,5oJX0nohOS4,NASCAR Cup Series EXTENDED HIGHLIGHTS: Toyota/SaveMart 350 | 6/9/24 | Motorsports on NBC,Motorsports on NBC,2024-06-09T23:39:03Z,205079,2749,277,PT19M32S,https://youtube.com/watch?v=5oJX0nohOS4,False,False,False,False
16,Sonoma,2024-06-11 00:00:00,QBj5mksqeho,NASCAR Official Extended Highlights from Sonoma | 2024 Toyota/Save Mart 350,NASCAR,2024-06-09T23:16:38Z,143901,1615,124,PT17M35S,https://youtube.com/watch?v=QBj5mksqeho,False,False,False,False
16,Sonoma,2024-06-11 00:00:00,N8C-ekADQD0,SVG and Connor Zilisch&#39;s INCREDIBLE Final 5 Laps at Sonoma | 2025 NASCAR XFinity Series,NASCAR,2025-07-13T00:15:03Z,101945,1237,154,PT8M8S,https://youtube.com/watch?v=N8C-ekADQD0,False,False,False,False
16,Sonoma,2024-06-11 00:00:00,FySfkgMynZw,NASCAR Cup Series 2025: Toyota / Save Mart 350 | EXTENDED HIGHLIGHTS | Motorsports on NBC,Motorsports on NBC,2025-07-13T23:45:00Z,97227,1922,212,PT15M12S,https://youtube.com/watch?v=FySfkgMynZw,False,False,False,False
16,Sonoma,2024-06-11 00:00:00,7Z5l4-hoJ7c,NASCAR Cup Series: 2024 Toyota / Save Mart 350 Highlights | NASCAR on FOX,NASCAR on FOX,2024-06-09T23:42:21Z,69403,1213,73,PT10M13S,https://youtube.com/watch?v=7Z5l4-hoJ7c,False,False,False,False
16,Sonoma,2024-06-11 00:00:00,mgXTnMMh524,ARCA Menards Series West Official Highlights: General Tire 200 at Sonoma Raceway,NASCAR Regional,2024-06-08T01:30:19Z,44878,523,70,PT12M5S,https://youtube.com/watch?v=mgXTnMMh524,False,False,False,False
16,Sonoma,2024-06-11 00:00:00,v3cobTPPaP8,NASCAR Official Extended Highlights | 2024 Pacific Office Automation 147 from Portland,NASCAR,2024-06-02T00:22:40Z,41608,751,68,PT9M23S,https://youtube.com/watch?v=v3cobTPPaP8,False,False,False,False
17,Iowa,2024-06-18 00:00:00,8bXwBKwPkUo,NASCAR Cup Series EXTENDED HIGHLIGHTS: Iowa Corn 350 | 6/16/24 | Motorsports on NBC,Motorsports on NBC,2024-06-17T02:58:05Z,191984,2936,269,PT12M48S,https://youtube.com/watch?v=8bXwBKwPkUo,False,False,False,False
17,Iowa,2024-06-18 00:00:00,-mTVx13Chz8,NASCAR Xfinity Series EXTENDED HIGHLIGHTS: HyVee Perks 250 | 6/15/24 | Motorsports on NBC,Motorsports on NBC,2024-06-15T23:28:30Z,131892,1811,231,PT16M1S,https://youtube.com/watch?v=-mTVx13Chz8,False,False,False,False
17,Iowa,2024-06-18 00:00:00,0D4j15UxXVc,IndyCar Series EXTENDED HIGHLIGHTS: Hy-Vee Homefront 250 at Iowa | 7/13/24 | Motorsports on NBC,Motorsports on NBC,2024-07-14T03:13:39Z,127897,2667,109,PT15M3S,https://youtube.com/watch?v=0D4j15UxXVc,False,False,False,False
17,Iowa,2024-06-18 00:00:00,n1165iAISlM,NASCAR Official Extended Highlights from Iowa | 2024 Iowa Corn 350,NASCAR,2024-06-17T02:33:47Z,109904,1734,89,PT15M49S,https://youtube.com/watch?v=n1165iAISlM,False,False,False,False
17,Iowa,2024-06-18 00:00:00,-275wrUrMOA,NASCAR Cup Series: Iowa Corn 350 Powered by Ethanol Highlights | NASCAR on FOX,NASCAR on FOX,2025-08-03T23:52:50Z,100647,1854,241,PT10M6S,https://youtube.com/watch?v=-275wrUrMOA,False,False,False,False
17,Iowa,2024-06-18 00:00:00,y60Rvi7GTV4,IndyCar Series EXTENDED HIGHLIGHTS: Hy-Vee One Step 250 at Iowa | 7/14/24 | Motorsports on NBC,Motorsports on NBC,2024-07-14T19:00:26Z,97978,2110,160,PT11M17S,https://youtube.com/watch?v=y60Rvi7GTV4,False,False,False,False
17,Iowa,2024-06-18 00:00:00,iMVfN985OeQ,Race Highlights | 2024 Hy-Vee Homefront 250 at Iowa Speedway | INDYCAR SERIES,NTT INDYCAR SERIES,2024-07-14T03:06:47Z,55311,1208,130,PT6M,https://youtube.com/watch?v=iMVfN985OeQ,False,False,False,False
17,Iowa,2024-06-18 00:00:00,1MNgSJ1YnHQ,NASCAR Cup Series EXTENDED HIGHLIGHTS: Iowa Corn 350 qualifying | 6/15/24 | Motorsports on NBC,Motorsports on NBC,2024-06-15T19:16:02Z,55288,448,66,PT10M4S,https://youtube.com/watch?v=1MNgSJ1YnHQ,False,False,False,False
17,Iowa,2024-06-18 00:00:00,03lna5jqoRc,Official NASCAR Extended Highlights | HyVee Perks 250 from Iowa Speedway,NASCAR,2024-06-15T22:39:56Z,48038,551,35,PT15M44S,https://youtube.com/watch?v=03lna5jqoRc,False,False,False,False
17,Iowa,2024-06-18 00:00:00,bdPRNA2MwUY,ARCA Menards Series Official Highlights: Atlas 150 at Iowa Speedway,NASCAR Regional,2024-06-15T12:09:43Z,24837,405,51,PT11M23S,https://youtube.com/watch?v=bdPRNA2MwUY,False,False,False,False
18,New Hampshire,2024-06-26 00:00:00,JG4b0cBqVg4,Crayon 301 from New Hampshire | Extended Highlights | NASCAR Cup Series,NASCAR,2023-07-17T19:31:51Z,220119,2338,167,PT13M22S,https://youtube.com/watch?v=JG4b0cBqVg4,False,False,False,False
18,New Hampshire,2024-06-26 00:00:00,nxwOIIdGhVo,NASCAR Cup Series 2025: New Hampshire playoff race | EXTENDED HIGHLIGHTS | Motorsports on NBC,Motorsports on NBC,2025-09-21T22:44:44Z,151201,2026,156,PT15M15S,https://youtube.com/watch?v=nxwOIIdGhVo,False,False,False,False
18,New Hampshire,2024-06-26 00:00:00,5mzvQEMhSFE,NASCAR Xfinity Series EXTENDED HIGHLIGHTS: SciAps 200 | 6/22/24 | Motorsports on NBC,Motorsports on NBC,2024-06-22T22:45:07Z,113268,1620,236,PT12M24S,https://youtube.com/watch?v=5mzvQEMhSFE,False,False,False,False
18,New Hampshire,2024-06-26 00:00:00,2HM93j5JtVc,Foxwoods Resort Casino 301 at New Hampshire | NASCAR ON FOX HIGHLIGHTS,NASCAR on FOX,2021-07-19T01:49:17Z,98037,1383,222,PT13M18S,https://youtube.com/watch?v=2HM93j5JtVc,False,False,False,False
18,New Hampshire,2024-06-26 00:00:00,Mxsnbyg6zrM,NASCAR Official Extended Highlights from New Hampshire | USA Today 301,NASCAR,2024-06-24T01:34:57Z,87284,1271,78,PT11M17S,https://youtube.com/watch?v=Mxsnbyg6zrM,False,False,False,False
18,New Hampshire,2024-06-26 00:00:00,PRT_TOzocsU,NASCAR Official Xfinity Series Extended Highlights from New Hampshire | SciAps 200,NASCAR,2024-06-22T22:37:58Z,56130,686,50,PT10M7S,https://youtube.com/watch?v=PRT_TOzocsU,False,False,False,False
18,New Hampshire,2024-06-26 00:00:00,EabXC6nBVY8,NASCAR Official Highlights:  Whelen Modified Tour Mohegan Sun 150 at New Hampshire Motor Speedway,NASCAR Regional,2024-06-22T16:29:17Z,31288,352,26,PT16M29S,https://youtube.com/watch?v=EabXC6nBVY8,False,False,False,False
18,New Hampshire,2024-06-26 00:00:00,YLNdtrmiI68,NASCAR’s best highlights from New Hampshire: Extended Highlights,NASCAR,2019-07-22T19:53:35Z,10140,156,19,PT5M8S,https://youtube.com/watch?v=YLNdtrmiI68,False,False,False,False
18,New Hampshire,2024-06-26 00:00:00,WpaL96J_KQs,Every NASCAR Cup Series win for Joey Logano (post-2024),EthanNR,2025-04-27T11:52:33Z,6305,111,10,PT9M1S,https://youtube.com/watch?v=WpaL96J_KQs,False,False,False,False
18,New Hampshire,2024-06-26 00:00:00,rcomPs7Xbwo,NASCAR Whelen Modified Tour at New Hampshire Motor Speedway 6/22/24 | Highlights,FloRacing,2024-06-23T00:23:31Z,5514,91,6,PT12M3S,https://youtube.com/watch?v=rcomPs7Xbwo,False,False,False,False
19,Nashville,2024-07-03 00:00:00,Yl08L6Y0y3Y,2025 Coca-Cola 600 | NASCAR Official Extended Highlights,NASCAR,2025-05-26T03:36:47Z,460036,5588,360,PT15M41S,https://youtube.com/watch?v=Yl08L6Y0y3Y,False,False,False,False
19,Nashville,2024-07-03 00:00:00,Y0-SlCgIVRA,NASCAR Cup Series EXTENDED HIGHLIGHTS: Ally 400 at Nashville | 6/30/24 | Motorsports on NBC,Motorsports on NBC,2024-07-01T02:14:49Z,350093,4224,515,PT19M59S,https://youtube.com/watch?v=Y0-SlCgIVRA,False,False,False,False
19,Nashville,2024-07-03 00:00:00,qz6PiqYBnUQ,2025 Cracker Barrel 400 | NASCAR Official Extended Highlights,NASCAR,2025-06-02T03:02:56Z,261825,3062,138,PT16M33S,https://youtube.com/watch?v=qz6PiqYBnUQ,False,False,False,False
19,Nashville,2024-07-03 00:00:00,VNfqfgublJY,NASCAR Craftsman Truck Series Highlights | 2026 Nashville Superspeedway,NASCAR,2026-05-30T05:45:29Z,137708,2939,237,PT19M35S,https://youtube.com/watch?v=VNfqfgublJY,False,False,False,False
19,Nashville,2024-07-03 00:00:00,GHXnkVeiBC8,Ally 400 from Nashville Superspeedway | Extended Highlights | NASCAR Cup Series,NASCAR,2023-06-26T02:19:42Z,135959,1805,135,PT10M55S,https://youtube.com/watch?v=GHXnkVeiBC8,False,False,False,False
19,Nashville,2024-07-03 00:00:00,DVdwLQG9Nz4,Xfinity Series at Nashville Superspeedway | NASCAR Official Extended Highlights,NASCAR,2025-06-01T02:46:59Z,128008,1769,25,PT14M57S,https://youtube.com/watch?v=DVdwLQG9Nz4,False,False,False,False
19,Nashville,2024-07-03 00:00:00,upDX9DFjkWg,Truck Series at Nashville Superspeedway | NASCAR Official Extended Highlights,NASCAR,2025-05-31T03:12:05Z,124084,1734,63,PT13M42S,https://youtube.com/watch?v=upDX9DFjkWg,False,False,False,False
19,Nashville,2024-07-03 00:00:00,lQ4U38_dhQY,NASCAR Radioactive | 2026 Coca-Cola 600,NASCAR,2026-05-26T21:00:06Z,121442,3577,181,PT9M58S,https://youtube.com/watch?v=lQ4U38_dhQY,False,False,False,False
19,Nashville,2024-07-03 00:00:00,HSFBJcS1Owg,NASCAR Radioactive | 2026 Nashville Superspeedway,NASCAR,2026-06-02T21:00:18Z,107451,1905,163,PT8M8S,https://youtube.com/watch?v=HSFBJcS1Owg,False,False,False,False
19,Nashville,2024-07-03 00:00:00,TekTFGu6u0M,Tennessee Lottery 250 at Nashville Superspeedway | Extended Highlights,NASCAR,2022-06-25T22:43:27Z,102139,1385,95,PT9M59S,https://youtube.com/watch?v=TekTFGu6u0M,False,False,False,False
20,Chicago Street Course,2024-07-11 00:00:00,kqSa6teNT1Q,2024 Daytona 500 Highlights | NASCAR on FOX,NASCAR on FOX,2024-02-20T01:46:52Z,2452879,28337,1689,PT10M12S,https://youtube.com/watch?v=kqSa6teNT1Q,False,False,False,False
20,Chicago Street Course,2024-07-11 00:00:00,XkNtOxnoHh0,Chicago Street Race: Grant Park 220 Extended Highlights | NASCAR,NASCAR,2023-07-03T01:43:33Z,1525337,21430,2501,PT17M7S,https://youtube.com/watch?v=XkNtOxnoHh0,False,False,False,False
20,Chicago Street Course,2024-07-11 00:00:00,DKxHzgH9ftw,NASCAR DRIVERS REACT TO SHANE VAN GISBERGEN WINNING THE CHICAGO STREET RACE,Chris Weaver,2023-07-03T07:12:43Z,608488,5581,1170,PT5M26S,https://youtube.com/watch?v=DKxHzgH9ftw,False,False,False,False
20,Chicago Street Course,2024-07-11 00:00:00,N4fKe8FHW4s,Fight to the Finish in Chicago | NASCAR Cup Series Official Extended Highlights,NASCAR,2025-07-06T21:45:48Z,358440,4909,303,PT16M37S,https://youtube.com/watch?v=N4fKe8FHW4s,False,False,False,False
20,Chicago Street Course,2024-07-11 00:00:00,j-5S2qK4EOg,NASCAR Cup Series EXTENDED HIGHLIGHTS: Grant Park 165 at Chicago | 7/7/24 | Motorsports on NBC,Motorsports on NBC,2024-07-08T02:52:34Z,323986,3902,529,PT17M49S,https://youtube.com/watch?v=j-5S2qK4EOg,False,False,False,False
20,Chicago Street Course,2024-07-11 00:00:00,4zaCXSUVCYk,NASCAR Cup Series EXTENDED HIGHLIGHTS: Grant Park 220 qualifying | 7/1/23 | Motorsports on NBC,Motorsports on NBC,2023-07-01T21:04:34Z,295728,2513,384,PT11M54S,https://youtube.com/watch?v=4zaCXSUVCYk,False,False,False,False
20,Chicago Street Course,2024-07-11 00:00:00,Tvx9lJniIgc,Hard Racing &amp; Heated Moments in Sonoma | 2025 NASCAR Cup Series Extended Highlights,NASCAR,2025-07-13T23:40:28Z,277489,3997,368,PT16M34S,https://youtube.com/watch?v=Tvx9lJniIgc,False,False,False,False
20,Chicago Street Course,2024-07-11 00:00:00,Uz9lJj2Fmvg,NASCAR Xfinity Series EXTENDED HIGHLIGHTS: The Loop 110 at Chicago | 7/6/24 | Motorsports on NBC,Motorsports on NBC,2024-07-06T23:56:34Z,223558,3760,539,PT16M24S,https://youtube.com/watch?v=Uz9lJj2Fmvg,False,False,False,False
20,Chicago Street Course,2024-07-11 00:00:00,m8V7T4QNLJU,Xfinity Series at Chicago Street Race | NASCAR Official Extended Highlights,NASCAR,2025-07-05T23:44:31Z,217742,3137,245,PT12M39S,https://youtube.com/watch?v=m8V7T4QNLJU,False,False,False,False
20,Chicago Street Course,2024-07-11 00:00:00,z6aYfoGT0Vo,NASCAR official Extended Highlights: 2024 Chicago Street Race,NASCAR,2024-07-08T02:03:21Z,205867,2971,424,PT17M6S,https://youtube.com/watch?v=z6aYfoGT0Vo,False,False,False,False
21,Pocono,2024-07-19 00:00:00,LN7ZzmgUyTY,"Worst crashes from the 2024 NASCAR Cup, Xfinity, and Truck Series season | Motorsports on NBC",Motorsports on NBC,2024-12-05T21:43:39Z,385383,3505,151,PT16M57S,https://youtube.com/watch?v=LN7ZzmgUyTY,False,False,False,False
21,Pocono,2024-07-19 00:00:00,d0wVfnw4j_s,&#39;Tricky Triangle&#39; Lives Up To Its Name at Pocono | NASCAR Cup Series Official Extended Highlights,NASCAR,2025-06-23T00:29:48Z,232735,2951,142,PT15M46S,https://youtube.com/watch?v=d0wVfnw4j_s,False,False,False,False
21,Pocono,2024-07-19 00:00:00,h1Fer9xXOP8,Xfinity Series at Pocono Raceway | NASCAR Official Extended Highlights,NASCAR,2025-06-21T23:17:46Z,190512,2394,85,PT15M2S,https://youtube.com/watch?v=h1Fer9xXOP8,False,False,False,False
21,Pocono,2024-07-19 00:00:00,qni6I3TnW-I,NASCAR Cup Series EXTENDED HIGHLIGHTS: The Great American Getaway 400 | 7/14/24 | Motorsports on NBC,Motorsports on NBC,2024-07-14T23:03:33Z,164258,2595,187,PT18M20S,https://youtube.com/watch?v=qni6I3TnW-I,False,False,False,False
21,Pocono,2024-07-19 00:00:00,gtqxU8WaTl4,NASCAR Official Extended Highlights | NASCAR Cup Series from Pocono Raceway,NASCAR,2024-07-14T22:28:57Z,150377,1900,139,PT12M52S,https://youtube.com/watch?v=gtqxU8WaTl4,False,False,False,False
21,Pocono,2024-07-19 00:00:00,M8-I5yop0DI,NASCAR Cup Series 2025: The Great American Getaway 400 | EXTENDED HIGHLIGHTS | Motorsports on NBC,Motorsports on NBC,2025-06-23T01:14:04Z,137284,2082,124,PT15M6S,https://youtube.com/watch?v=M8-I5yop0DI,False,False,False,False
21,Pocono,2024-07-19 00:00:00,YFlo0yzDI1Y,NASCAR Cup Series at Pocono | NASCAR ON FOX HIGHLIGHTS,NASCAR on FOX,2022-07-25T00:02:12Z,110434,1520,228,PT10M58S,https://youtube.com/watch?v=YFlo0yzDI1Y,False,False,False,False
21,Pocono,2024-07-19 00:00:00,8bH4_cdqw0s,NASCAR Xfinity EXTENDED HIGHLIGHTS: Explore The Pocono Mountains 225 | 7/13/24 | Motorsports on NBC,Motorsports on NBC,2024-07-13T22:19:35Z,103941,1472,233,PT17M,https://youtube.com/watch?v=8bH4_cdqw0s,False,False,False,False
21,Pocono,2024-07-19 00:00:00,-KIRWrRE2cg,ARCA Menards Series official highlights: Sunset Hill Shooting Range 150 from Pocono Raceway,NASCAR Regional,2026-06-12T21:01:09Z,85570,1044,109,PT7M21S,https://youtube.com/watch?v=-KIRWrRE2cg,False,False,False,False
21,Pocono,2024-07-19 00:00:00,m5paffotdj0,NASCAR Official Extended Highlights : NASCAR Xfinity Series from Pocono,NASCAR,2024-07-13T21:48:26Z,74311,1071,109,PT15M32S,https://youtube.com/watch?v=m5paffotdj0,False,False,False,False
22,Indianapolis,2024-07-26 00:00:00,kqSa6teNT1Q,2024 Daytona 500 Highlights | NASCAR on FOX,NASCAR on FOX,2024-02-20T01:46:52Z,2452879,28337,1689,PT10M12S,https://youtube.com/watch?v=kqSa6teNT1Q,False,False,False,False
22,Indianapolis,2024-07-26 00:00:00,hCVutjMueJg,Random NASCAR Moments #4,Jake Baskinger,2022-04-29T23:00:27Z,2382701,15874,231,PT11M19S,https://youtube.com/watch?v=hCVutjMueJg,False,False,False,False
22,Indianapolis,2024-07-26 00:00:00,DP3PNLaOjyo,2023 Daytona 500 Highlights | NASCAR on FOX,NASCAR on FOX,2023-02-20T00:39:16Z,938917,10669,866,PT13M50S,https://youtube.com/watch?v=DP3PNLaOjyo,False,False,False,False
22,Indianapolis,2024-07-26 00:00:00,fy8eGJ7qzMc,2026 Daytona 500 | NASCAR Cup Series Extended Highlights,NASCAR,2026-02-15T22:58:22Z,678613,9218,768,PT19M11S,https://youtube.com/watch?v=fy8eGJ7qzMc,False,False,False,False
22,Indianapolis,2024-07-26 00:00:00,6RzRMLUB_DI,Race Highlights | 2026 Indianapolis 500,NTT INDYCAR SERIES,2026-05-24T21:44:59Z,588315,8066,640,PT12M49S,https://youtube.com/watch?v=6RzRMLUB_DI,False,False,False,False
22,Indianapolis,2024-07-26 00:00:00,N-xJjBQA8i0,Josef Newgarden overtakes Pato O&#39;Ward on final lap to win 2024 Indianapolis 500 | Motorsports on NBC,Motorsports on NBC,2024-05-27T00:12:31Z,352181,2810,454,PT5M13S,https://youtube.com/watch?v=N-xJjBQA8i0,False,False,False,False
22,Indianapolis,2024-07-26 00:00:00,aFpsWhljrkk,History Made on the Indianapolis Bricks | 2025 NASCAR Xfinity Series Extended Highlights,NASCAR,2025-07-27T00:18:37Z,300545,4418,406,PT17M11S,https://youtube.com/watch?v=aFpsWhljrkk,False,False,False,False
22,Indianapolis,2024-07-26 00:00:00,sYgKvTimGdQ,Race Highlights | 2026 INDYCAR at Indianapolis,NTT INDYCAR SERIES,2026-05-09T23:50:44Z,246085,4452,278,PT9M38S,https://youtube.com/watch?v=sYgKvTimGdQ,False,False,False,False
22,Indianapolis,2024-07-26 00:00:00,nbs5jEOdpEI,NASCAR Official Extended Highlights | Brickyard 400 from Indianapolis Motor Speedway,NASCAR,2024-07-21T22:52:34Z,213775,2614,413,PT16M51S,https://youtube.com/watch?v=nbs5jEOdpEI,False,False,False,False
22,Indianapolis,2024-07-26 00:00:00,cT3CKv-e5hs,NASCAR Cup Series EXTENDED HIGHLIGHTS: The Brickyard 400 | 7/21/24 | Motorsports on NBC,Motorsports on NBC,2024-07-21T23:23:58Z,206009,3153,551,PT19M46S,https://youtube.com/watch?v=cT3CKv-e5hs,False,False,False,False
23,Richmond,2024-08-03 00:00:00,rZTEU1ospyI,Richmond Shakes Up the Playoffs | 2025 NASCAR Cup Series Extended Highlights,NASCAR,2025-08-17T03:31:50Z,337447,4269,481,PT17M4S,https://youtube.com/watch?v=rZTEU1ospyI,False,False,False,False
23,Richmond,2024-08-03 00:00:00,7G0WPJVFLKg,Richmond + Norwalk 2024,John Force Racing,2024-07-12T22:23:26Z,269997,2616,210,PT10M11S,https://youtube.com/watch?v=7G0WPJVFLKg,False,False,False,False
23,Richmond,2024-08-03 00:00:00,HU7wIi3VriY,NASCAR Cup Series EXTENDED HIGHLIGHTS: The Cook Out 400 at Richmond | 8/11/24 | Motorsports on NBC,Motorsports on NBC,2024-08-12T02:58:25Z,215054,2567,791,PT17M3S,https://youtube.com/watch?v=HU7wIi3VriY,False,False,False,False
23,Richmond,2024-08-03 00:00:00,kkHoLsOYSW8,Regular Season Finale Heats Up at Richmond | 2025 NASCAR Truck Series Extended Highlights,NASCAR,2025-08-16T02:50:33Z,178320,2456,106,PT16M52S,https://youtube.com/watch?v=kkHoLsOYSW8,False,False,False,False
23,Richmond,2024-08-03 00:00:00,C7x8sOMkyL8,Cook Out 400 at Martinsville Speedway | NASCAR Official Extended Highlights,NASCAR,2025-03-30T23:04:06Z,157221,2134,89,PT16M36S,https://youtube.com/watch?v=C7x8sOMkyL8,False,False,False,False
23,Richmond,2024-08-03 00:00:00,o1s3CSKemWs,NASCAR Official Extended Highlights : Richmond provides overtime drama in final laps | NASCAR,NASCAR,2024-08-12T01:31:39Z,153845,1543,468,PT9M24S,https://youtube.com/watch?v=o1s3CSKemWs,False,False,False,False
23,Richmond,2024-08-03 00:00:00,JPrMKIYd64o,NASCAR Cup Series EXTENDED HIGHLIGHTS: Toyota Owners 400 | 3/31/24 | Motorsports on NBC,Motorsports on NBC,2024-04-01T03:55:19Z,142737,1851,257,PT19M6S,https://youtube.com/watch?v=JPrMKIYd64o,False,False,False,False
23,Richmond,2024-08-03 00:00:00,BsPC0MEDOKc,Angry drivers and a thrilling race at Richmond  | Extended Highlights from the NASCAR Cup Series,NASCAR,2024-04-01T03:08:46Z,125195,1046,181,PT13M27S,https://youtube.com/watch?v=BsPC0MEDOKc,False,False,False,False
23,Richmond,2024-08-03 00:00:00,Q0U2qBKUxm0,NASCAR Xfinity Series EXTENDED HIGHLIGHTS: ToyotaCare 250 at Richmond | 3/30/24 | Motorsports on NBC,Motorsports on NBC,2024-03-30T20:58:42Z,114217,1577,97,PT12M39S,https://youtube.com/watch?v=Q0U2qBKUxm0,False,False,False,False
23,Richmond,2024-08-03 00:00:00,sdTsqjzmttA,Dale Jr.&#39;s Radio Highlights from Richmond,Dale Earnhardt Jr.'s Dirty Mo Media,2021-09-17T16:06:23Z,78177,2026,92,PT12M47S,https://youtube.com/watch?v=sdTsqjzmttA,False,False,False,False
24,Michigan,2024-08-10 00:00:00,-m0stGu0FMw,NASCAR Extended Highlights | Pure Michigan 400 (2013),NASCAR,2013-08-19T12:18:58Z,7182006,21996,558,PT11M31S,https://youtube.com/watch?v=-m0stGu0FMw,False,False,False,False
24,Michigan,2024-08-10 00:00:00,hCVutjMueJg,Random NASCAR Moments #4,Jake Baskinger,2022-04-29T23:00:27Z,2382701,15874,231,PT11M19S,https://youtube.com/watch?v=hCVutjMueJg,False,False,False,False
24,Michigan,2024-08-10 00:00:00,KKCW4D67u8U,No. 3 Texas Longhorns vs. No. 10 Michigan Wolverines Highlights | FOX College Football,CFB ON FOX,2024-09-07T20:15:02Z,1126766,12034,2335,PT11M18S,https://youtube.com/watch?v=KKCW4D67u8U,False,False,False,False
24,Michigan,2024-08-10 00:00:00,KYqEm7t2EFc,Michigan State Spartans vs. Michigan Wolverines Highlights | FOX College Football,CFB ON FOX,2024-10-27T03:14:30Z,472711,4371,470,PT14M29S,https://youtube.com/watch?v=KYqEm7t2EFc,False,False,False,False
24,Michigan,2024-08-10 00:00:00,r81GI_zwav4,NASCAR Cup Series at Dover | NASCAR ON FOX HIGHLIGHTS,NASCAR on FOX,2022-05-02T20:14:32Z,314734,4039,596,PT13M43S,https://youtube.com/watch?v=r81GI_zwav4,False,False,False,False
24,Michigan,2024-08-10 00:00:00,VD4IH3JrC48,NASCAR Cup Series at Michigan | NASCAR on FOX Highlights,NASCAR on FOX,2022-08-08T00:54:18Z,276970,3419,329,PT10M21S,https://youtube.com/watch?v=VD4IH3JrC48,False,False,False,False
24,Michigan,2024-08-10 00:00:00,evDkYc8eZ4Y,Firekeepers Casino 400 from Michigan | Extended Highlights | NASCAR Cup Series,NASCAR,2023-08-07T18:42:32Z,246540,3028,253,PT15M2S,https://youtube.com/watch?v=evDkYc8eZ4Y,False,False,False,False
24,Michigan,2024-08-10 00:00:00,VuTYjQr6nVM,NASCAR Cup Series EXTENDED HIGHLIGHTS: FireKeepers Casino 400 | 8/19/24 | Motorsports on NBC,Motorsports on NBC,2024-08-19T18:23:11Z,230901,3204,257,PT19M8S,https://youtube.com/watch?v=VuTYjQr6nVM,False,False,False,False
24,Michigan,2024-08-10 00:00:00,imul1GUYFM0,Cup Series at Michigan | NASCAR Official Extended Highlights,NASCAR,2025-06-08T22:30:20Z,195346,2774,153,PT15M40S,https://youtube.com/watch?v=imul1GUYFM0,False,False,False,False
24,Michigan,2024-08-10 00:00:00,desdVuAcywk,Coen Carr&#39;s BEST DUNKS with Michigan State from the 2024-2025 season | FOX College Hoops,FOX Sports,2025-03-14T13:00:58Z,185664,1800,95,PT8M11S,https://youtube.com/watch?v=desdVuAcywk,False,False,False,False
25,Daytona,2024-08-18 00:00:00,LorQ6B3ocq0,NASCAR Cup Series: Daytona 500 2019 | EXTENDED HIGHLIGHTS | Motorsports on NBC,Motorsports on NBC,2019-02-18T02:27:59Z,12305704,90973,2123,PT9M56S,https://youtube.com/watch?v=LorQ6B3ocq0,False,False,False,False
25,Daytona,2024-08-18 00:00:00,-m0stGu0FMw,NASCAR Extended Highlights | Pure Michigan 400 (2013),NASCAR,2013-08-19T12:18:58Z,7182006,21996,558,PT11M31S,https://youtube.com/watch?v=-m0stGu0FMw,False,False,False,False
25,Daytona,2024-08-18 00:00:00,kqSa6teNT1Q,2024 Daytona 500 Highlights | NASCAR on FOX,NASCAR on FOX,2024-02-20T01:46:52Z,2452879,28337,1689,PT10M12S,https://youtube.com/watch?v=kqSa6teNT1Q,False,False,False,False
25,Daytona,2024-08-18 00:00:00,6UJaooKB52M,Could A 70s NASCAR Car Win The DAYTONA 500?,THE WIND TUNNEL,2025-02-14T01:16:31Z,1820629,18688,4385,PT12M2S,https://youtube.com/watch?v=6UJaooKB52M,False,False,False,False
25,Daytona,2024-08-18 00:00:00,YvzbR3z5re8,2021 Daytona 500 | NASCAR ON FOX HIGHLIGHTS,NASCAR on FOX,2021-02-15T05:50:31Z,1383805,14638,1271,PT14M25S,https://youtube.com/watch?v=YvzbR3z5re8,False,False,False,False
25,Daytona,2024-08-18 00:00:00,Cc3rFa2VdrI,2025 Daytona 500 Highlights | NASCAR Cup Series on FOX,NASCAR on FOX,2025-02-17T02:45:53Z,1237388,13450,2687,PT10M,https://youtube.com/watch?v=Cc3rFa2VdrI,False,False,False,False
25,Daytona,2024-08-18 00:00:00,C_1tdKW9bJo,Kyle Larson and Bubba Wallace FIGHT after wreck at Las Vegas | NASCAR ON FOX HIGHLIGHTS,NASCAR on FOX,2022-10-16T22:09:52Z,1060168,5800,4915,PT4M22S,https://youtube.com/watch?v=C_1tdKW9bJo,False,False,True,False
25,Daytona,2024-08-18 00:00:00,DP3PNLaOjyo,2023 Daytona 500 Highlights | NASCAR on FOX,NASCAR on FOX,2023-02-20T00:39:16Z,938918,10669,866,PT13M50S,https://youtube.com/watch?v=DP3PNLaOjyo,False,False,False,False
25,Daytona,2024-08-18 00:00:00,vKbhPThU9HE,Joey Logano - Daytona 500 - Raw Onboard,Ryan Shelton,2018-02-19T08:08:46Z,933095,12396,611,PT5M43S,https://youtube.com/watch?v=vKbhPThU9HE,False,False,False,False
25,Daytona,2024-08-18 00:00:00,-BxkuZ62LHA,Michael Jordan &amp; Tyler Reddick Celebrate DAYTONA 500 WIN 🏁 NASCAR on FOX,NASCAR on FOX,2026-02-16T00:01:34Z,875436,8655,918,PT8M46S,https://youtube.com/watch?v=-BxkuZ62LHA,False,False,False,False
26,Darlington,2024-08-26 00:00:00,5D0geUZZBbc,Darlington Delivers Drama in Playoff Opener | 2025 NASCAR Cup Series Extended Highlights,NASCAR,2025-09-01T02:44:18Z,235454,3352,207,PT18M17S,https://youtube.com/watch?v=5D0geUZZBbc,False,False,False,False
26,Darlington,2024-08-26 00:00:00,jz5q9C4-MYo,NASCAR Cup Series at Darlington | NASCAR ON FOX HIGHLIGHTS,NASCAR on FOX,2022-05-09T00:53:13Z,185592,2556,503,PT16M2S,https://youtube.com/watch?v=jz5q9C4-MYo,False,False,False,False
26,Darlington,2024-08-26 00:00:00,HSbr3aUQIbc,NASCAR Cup Series EXTENDED HIGHLIGHTS: Cook Out Southern 500 | 9/1/2024 | Motorsports on NBC,Motorsports on NBC,2024-09-02T03:36:07Z,174979,2831,299,PT17M36S,https://youtube.com/watch?v=HSbr3aUQIbc,False,False,False,False
26,Darlington,2024-08-26 00:00:00,pomYvecMHDs,NASCAR Official Extended Highlights: Tempers flare at Darlington Raceway | Goodyear 400,NASCAR,2024-05-12T23:00:54Z,171105,1873,147,PT14M23S,https://youtube.com/watch?v=pomYvecMHDs,False,False,False,False
26,Darlington,2024-08-26 00:00:00,wFl7s5VyP4Q,NASCAR Official Extended Highlights: Darlington Southern 500 ends with nail-biting finish,NASCAR,2024-09-02T02:31:22Z,168526,2195,248,PT17M6S,https://youtube.com/watch?v=wFl7s5VyP4Q,False,False,False,False
26,Darlington,2024-08-26 00:00:00,Bd8WvNdVifw,"NASCAR Cup Series 2025: Cook Out Southern 500, Darlington | EXTENDED HIGHLIGHTS | Motorsports on NBC",Motorsports on NBC,2025-09-01T03:40:40Z,164110,2340,169,PT15M11S,https://youtube.com/watch?v=Bd8WvNdVifw,False,False,False,False
26,Darlington,2024-08-26 00:00:00,O7LffphFK3M,NASCAR Cup Series: Goodyear 400 at Darlington Highlights | NASCAR on FOX,NASCAR on FOX,2023-05-14T23:44:01Z,163024,2639,329,PT10M13S,https://youtube.com/watch?v=O7LffphFK3M,False,False,False,False
26,Darlington,2024-08-26 00:00:00,5WjAq58WpPg,NASCAR Cup Series EXTENDED HIGHLIGHTS: Enjoy Illinois 300 | 6/2/24 | Motorsports on NBC,Motorsports on NBC,2024-06-02T23:19:18Z,161929,2207,171,PT12M20S,https://youtube.com/watch?v=5WjAq58WpPg,False,False,False,False
26,Darlington,2024-08-26 00:00:00,PLgGKVEgWgI,NASCAR Cup Series EXTENDED HIGHLIGHTS: Goodyear 400 | 5/12/24 | Motorsports on NBC,Motorsports on NBC,2024-05-12T23:30:50Z,148611,2406,166,PT15M1S,https://youtube.com/watch?v=PLgGKVEgWgI,False,False,False,False
26,Darlington,2024-08-26 00:00:00,J0VhrLIyW8Q,NASCAR Xfinity Series EXTENDED HIGHLIGHTS: Sport Clips Haircuts 200 | 8/31/24 | Motorsports on NBC,Motorsports on NBC,2024-08-31T22:32:21Z,146106,2181,278,PT15M29S,https://youtube.com/watch?v=J0VhrLIyW8Q,False,False,False,False
27,Atlanta,2024-09-02 00:00:00,Cc3rFa2VdrI,2025 Daytona 500 Highlights | NASCAR Cup Series on FOX,NASCAR on FOX,2025-02-17T02:45:53Z,1237388,13450,2687,PT10M,https://youtube.com/watch?v=Cc3rFa2VdrI,False,False,False,False
27,Atlanta,2024-09-02 00:00:00,C_1tdKW9bJo,Kyle Larson and Bubba Wallace FIGHT after wreck at Las Vegas | NASCAR ON FOX HIGHLIGHTS,NASCAR on FOX,2022-10-16T22:09:52Z,1060194,5800,4915,PT4M22S,https://youtube.com/watch?v=C_1tdKW9bJo,False,False,True,False
27,Atlanta,2024-09-02 00:00:00,pxW8sbLaGmE,Braves vs. Reds Game Highlights (6/23/23) | MLB Highlights,MLB,2023-06-24T03:29:31Z,992809,11672,1060,PT9M54S,https://youtube.com/watch?v=pxW8sbLaGmE,False,False,False,False
27,Atlanta,2024-09-02 00:00:00,SK8Gc4vH2YM,HIGHLIGHTS | Formula DRIFT Atlanta 2022,Formula DRIFT,2022-05-12T17:00:11Z,983459,14598,165,PT6M17S,https://youtube.com/watch?v=SK8Gc4vH2YM,False,False,False,False
27,Atlanta,2024-09-02 00:00:00,RoV5gSrcFD8,"Wrecks, Drama, and a Last-Lap Pass in Atlanta | NASCAR Cup Series Official Extended Highlights",NASCAR,2025-06-29T04:05:41Z,648426,6061,742,PT18M3S,https://youtube.com/watch?v=RoV5gSrcFD8,False,False,False,False
27,Atlanta,2024-09-02 00:00:00,6wQERuqE_No,Playoffs or Bust at Daytona | 2025 NASCAR Cup Series Extended Highlights,NASCAR,2025-08-24T03:49:34Z,562345,6516,347,PT17M16S,https://youtube.com/watch?v=6wQERuqE_No,False,False,False,False
27,Atlanta,2024-09-02 00:00:00,gGHSrczolxM,NASCAR Cup Series at Atlanta | NASCAR ON FOX HIGHLIGHTS,NASCAR on FOX,2022-07-10T23:21:31Z,290401,3459,654,PT10M41S,https://youtube.com/watch?v=gGHSrczolxM,False,False,False,False
27,Atlanta,2024-09-02 00:00:00,sjIVFHtBrhg,"Crazy race, photo finish | Extended Highlights from Atlanta | NASCAR",NASCAR,2024-02-26T00:30:12Z,266728,3961,344,PT13M54S,https://youtube.com/watch?v=sjIVFHtBrhg,False,False,False,False
27,Atlanta,2024-09-02 00:00:00,ekE7TqieqjM,A Vegas Finish to Remember | 2025 NASCAR Cup Series Extended Highlights,NASCAR,2025-10-13T01:09:47Z,252780,4065,334,PT19M51S,https://youtube.com/watch?v=ekE7TqieqjM,False,False,False,False
27,Atlanta,2024-09-02 00:00:00,5D0geUZZBbc,Darlington Delivers Drama in Playoff Opener | 2025 NASCAR Cup Series Extended Highlights,NASCAR,2025-09-01T02:44:18Z,235454,3352,207,PT18M17S,https://youtube.com/watch?v=5D0geUZZBbc,False,False,False,False
28,Watkins Glen,2024-09-10 00:00:00,uC8vWCcYQjE,SVG&#39;s INCREDIBLE 24th to 1st Charge at Watkins Glen | NASCAR,NASCAR,2026-05-11T20:50:20Z,367581,7042,671,PT10M15S,https://youtube.com/watch?v=uC8vWCcYQjE,False,False,False,False
28,Watkins Glen,2024-09-10 00:00:00,NQqNGmfSZzY,Road Course Clash at Watkins Glen | 2025 NASCAR Cup Series Extended Highlights,NASCAR,2025-08-10T21:08:29Z,328701,4749,393,PT15M56S,https://youtube.com/watch?v=NQqNGmfSZzY,False,False,False,False
28,Watkins Glen,2024-09-10 00:00:00,P5bzlp0smkE,FULL Watkins Glen Battle Between Connor Zilisch and Shane van Gisbergen | 2025 Xfinity Series,NASCAR,2025-08-09T22:06:27Z,292838,2146,845,PT7M5S,https://youtube.com/watch?v=P5bzlp0smkE,False,False,False,False
28,Watkins Glen,2024-09-10 00:00:00,jPGWRrJ-B_k,A Battle of Road-Course Aces | 2025 NASCAR Xfinity Series Extended Highlights at Watkins Glen,NASCAR,2025-08-10T00:51:49Z,233190,3196,409,PT14M2S,https://youtube.com/watch?v=jPGWRrJ-B_k,False,False,False,False
28,Watkins Glen,2024-09-10 00:00:00,7TkBQauJZm8,Best Seat in the House: SVG’s Onboard from Watkins Glen | NASCAR,NASCAR,2025-08-11T21:00:07Z,215655,2817,426,PT9M24S,https://youtube.com/watch?v=7TkBQauJZm8,False,False,False,False
28,Watkins Glen,2024-09-10 00:00:00,AsyZsUEjqLA,NASCAR&#39;s 10 wildest moments at Watkins Glen International,NASCAR,2017-08-05T18:31:20Z,197015,1739,110,PT4M12S,https://youtube.com/watch?v=AsyZsUEjqLA,False,False,False,False
28,Watkins Glen,2024-09-10 00:00:00,GPGVJqjjCoc,Truck Series&#39; WILD Watkins Glen Return | 2025 NASCAR Truck Series Extended Highlights,NASCAR,2025-08-09T00:47:42Z,194065,2842,143,PT16M55S,https://youtube.com/watch?v=GPGVJqjjCoc,False,False,False,False
28,Watkins Glen,2024-09-10 00:00:00,KKqufId0PS4,NASCAR Cup Series EXTENDED HIGHLIGHTS: Go Bowling at the Glen | 9/15/2024 | Motorsports on NBC,Motorsports on NBC,2024-09-15T23:24:00Z,187013,3052,338,PT19M48S,https://youtube.com/watch?v=KKqufId0PS4,False,False,False,False
28,Watkins Glen,2024-09-10 00:00:00,_kAXbA6622U,NASCAR official Extended Highlights from Watkins Glen: 2024 Go Bowling at The Glen,NASCAR,2024-09-15T22:22:18Z,182819,3164,273,PT17M16S,https://youtube.com/watch?v=_kAXbA6622U,False,False,False,False
28,Watkins Glen,2024-09-10 00:00:00,SyZFp6Wfywk,NASCAR Cup Series at Watkins Glen | NASCAR ON FOX HIGHLIGHTS,NASCAR on FOX,2022-08-22T00:46:34Z,176195,2670,295,PT9M46S,https://youtube.com/watch?v=SyZFp6Wfywk,False,False,False,False
29,Bristol,2024-09-17 00:00:00,hCVutjMueJg,Random NASCAR Moments #4,Jake Baskinger,2022-04-29T23:00:27Z,2382701,15874,231,PT11M19S,https://youtube.com/watch?v=hCVutjMueJg,False,False,False,False
29,Bristol,2024-09-17 00:00:00,9BZRzbJziOQ,Dale Earnhardt Jr.&#39;s best career moments | Best of NASCAR,NASCAR,2020-09-30T15:39:34Z,558358,8041,449,PT16M41S,https://youtube.com/watch?v=9BZRzbJziOQ,False,False,False,False
29,Bristol,2024-09-17 00:00:00,mdbb-phc7js,NASCAR Cup Series at Bristol Dirt | NASCAR ON FOX HIGHLIGHTS,NASCAR on FOX,2022-04-18T04:23:10Z,449369,5831,713,PT16M16S,https://youtube.com/watch?v=mdbb-phc7js,False,False,False,False
29,Bristol,2024-09-17 00:00:00,R-Btb9xHYiA,Food City Dirt Race at Bristol | NASCAR ON FOX HIGHLIGHTS,NASCAR on FOX,2021-03-30T00:55:36Z,433001,5177,814,PT12M34S,https://youtube.com/watch?v=R-Btb9xHYiA,False,False,False,False
29,Bristol,2024-09-17 00:00:00,ejGK-UdufuY,2024 Busch Light Clash at The Coliseum Highlights | NASCAR on FOX,NASCAR on FOX,2024-02-04T03:20:30Z,321294,3730,845,PT10M12S,https://youtube.com/watch?v=ejGK-UdufuY,False,False,False,False
29,Bristol,2024-09-17 00:00:00,77inieKseXU,NASCAR Cup Series at Bristol | NASCAR ON FOX HIGHLIGHTS,NASCAR on FOX,2021-09-19T03:27:22Z,242363,2730,373,PT11M54S,https://youtube.com/watch?v=77inieKseXU,False,False,False,False
29,Bristol,2024-09-17 00:00:00,TF-M6YfnoQA,Big wrecks and a new winner: Bristol Dirt Race | Extended Highlights,NASCAR,2021-03-30T00:18:52Z,206089,2558,477,PT10M18S,https://youtube.com/watch?v=TF-M6YfnoQA,False,False,False,False
29,Bristol,2024-09-17 00:00:00,BsEcMl7owJ0,NASCAR Cup Series EXTENDED HIGHLIGHTS: Bass Pro Shops Night Race | 9/21/24 | Motorsports on NBC,Motorsports on NBC,2024-09-22T03:35:32Z,202528,2898,283,PT16M10S,https://youtube.com/watch?v=BsEcMl7owJ0,False,False,False,False
29,Bristol,2024-09-17 00:00:00,Qf0hXVDVnzA,Playoffs Open With Short-Track Madness at Bristol | 2025 NASCAR Xfinity Series Extended Highlights,NASCAR,2025-09-13T02:13:21Z,201559,3099,160,PT15M12S,https://youtube.com/watch?v=Qf0hXVDVnzA,False,False,False,False
29,Bristol,2024-09-17 00:00:00,aDBaSUUSM5c,NASCAR Cup Series EXTENDED HIGHLIGHTS: Würth 400 at Dover | 4/28/24 | Motorsports on NBC,Motorsports on NBC,2024-04-28T22:27:19Z,191728,2544,263,PT16M37S,https://youtube.com/watch?v=aDBaSUUSM5c,False,False,False,False
30,Kansas,2024-09-25 00:00:00,hCVutjMueJg,Random NASCAR Moments #4,Jake Baskinger,2022-04-29T23:00:27Z,2382701,15874,231,PT11M19S,https://youtube.com/watch?v=hCVutjMueJg,False,False,False,False
30,Kansas,2024-09-25 00:00:00,Cc3rFa2VdrI,2025 Daytona 500 Highlights | NASCAR Cup Series on FOX,NASCAR on FOX,2025-02-17T02:45:53Z,1237388,13450,2687,PT10M,https://youtube.com/watch?v=Cc3rFa2VdrI,False,False,False,False
30,Kansas,2024-09-25 00:00:00,g5-mvg6NPs8,Playoff Heat Ramps Up in Kansas | 2025 NASCAR Xfinity Series Extended Highlights,NASCAR,2025-09-27T23:11:53Z,213692,2858,94,PT19M28S,https://youtube.com/watch?v=g5-mvg6NPs8,False,False,False,False
30,Kansas,2024-09-25 00:00:00,57BJ8QugJXc,NASCAR Official Extended Highlights from Kansas: Action packed race produces photo finish,NASCAR,2024-05-06T01:57:13Z,177994,2277,298,PT13M17S,https://youtube.com/watch?v=57BJ8QugJXc,False,False,False,False
30,Kansas,2024-09-25 00:00:00,Kki7gVSe35k,NASCAR Cup Series EXTENDED HIGHLIGHTS: AdventHealth 400 | 5/5/24 | Motorsports on NBC,Motorsports on NBC,2024-05-06T03:02:38Z,176051,2508,240,PT15M53S,https://youtube.com/watch?v=Kki7gVSe35k,False,False,False,False
30,Kansas,2024-09-25 00:00:00,NRUtj1jEtgU,NASCAR Cup Series EXTENDED HIGHLIGHTS: Hollywood Casino 400 | 9/29/24 | Motorsports on NBC,Motorsports on NBC,2024-09-29T23:42:03Z,170064,2664,180,PT19M5S,https://youtube.com/watch?v=NRUtj1jEtgU,False,False,False,False
30,Kansas,2024-09-25 00:00:00,Y6Yt7KnzTAU,NASCAR Cup Series 2025: AdventHealth 400 | EXTENDED HIGHLIGHTS | 5/11/25 | Motorsports on NBC,Motorsports on NBC,2025-05-11T23:30:11Z,155100,2448,158,PT19M21S,https://youtube.com/watch?v=Y6Yt7KnzTAU,False,False,False,False
30,Kansas,2024-09-25 00:00:00,VTBqA77xDE4,Kansas Final Laps ERUPT in Overtime | 2026 NASCAR Cup Series,NASCAR,2026-04-19T21:21:04Z,135039,1399,405,PT5M56S,https://youtube.com/watch?v=VTBqA77xDE4,False,False,False,False
30,Kansas,2024-09-25 00:00:00,KU9dDCfINEk,Cup Series at Kansas Speedway | NASCAR Official Extended Highlights,NASCAR,2025-05-11T23:14:01Z,125654,1812,74,PT14M25S,https://youtube.com/watch?v=KU9dDCfINEk,False,False,False,False
30,Kansas,2024-09-25 00:00:00,TLrdPWKjSnA,NASCAR Cup Series: AdventHealth 400 Highlights | NASCAR on FOX,NASCAR on FOX,2025-05-11T22:27:28Z,124404,2141,296,PT10M,https://youtube.com/watch?v=TLrdPWKjSnA,False,False,False,False
31,Talladega,2024-10-03 00:00:00,-m0stGu0FMw,NASCAR Extended Highlights | Pure Michigan 400 (2013),NASCAR,2013-08-19T12:18:58Z,7182006,21996,558,PT11M31S,https://youtube.com/watch?v=-m0stGu0FMw,False,False,False,False
31,Talladega,2024-10-03 00:00:00,kqSa6teNT1Q,2024 Daytona 500 Highlights | NASCAR on FOX,NASCAR on FOX,2024-02-20T01:46:52Z,2452879,28337,1689,PT10M12S,https://youtube.com/watch?v=kqSa6teNT1Q,False,False,False,False
31,Talladega,2024-10-03 00:00:00,hCVutjMueJg,Random NASCAR Moments #4,Jake Baskinger,2022-04-29T23:00:27Z,2382701,15874,231,PT11M19S,https://youtube.com/watch?v=hCVutjMueJg,False,False,False,False
31,Talladega,2024-10-03 00:00:00,vn8Ftl9s3vw,NASCAR&#39;s Worst Crashes at Talladega,NR62,2024-04-17T23:15:49Z,1029417,4103,305,PT15M49S,https://youtube.com/watch?v=vn8Ftl9s3vw,False,False,False,False
31,Talladega,2024-10-03 00:00:00,G6545a3fY1w,NASCAR Music Video - Life is a Highway,JustAndEE,2020-02-01T18:04:07Z,986883,12182,523,PT4M43S,https://youtube.com/watch?v=G6545a3fY1w,False,False,False,False
31,Talladega,2024-10-03 00:00:00,dAPRKFaL7U8,Talladega&#39;s Final Laps Ends in Chaotic Finish | 2026 NASCAR ARCA Menards Series,NASCAR,2026-04-25T19:41:05Z,985827,13471,1495,PT5M59S,https://youtube.com/watch?v=dAPRKFaL7U8,False,False,False,False
31,Talladega,2024-10-03 00:00:00,epLgbfKSqQ8,Talladega white noise: Seven minutes of uninterrupted sounds from the track,NASCAR,2023-10-02T18:39:46Z,981424,9715,346,PT7M49S,https://youtube.com/watch?v=epLgbfKSqQ8,False,False,False,False
31,Talladega,2024-10-03 00:00:00,6wQERuqE_No,Playoffs or Bust at Daytona | 2025 NASCAR Cup Series Extended Highlights,NASCAR,2025-08-24T03:49:34Z,562345,6516,347,PT17M16S,https://youtube.com/watch?v=6wQERuqE_No,False,False,False,False
31,Talladega,2024-10-03 00:00:00,WVJKXECP4_w,Talladega ends in wild photo finish | NASCAR Cup Series Extended Highlights,NASCAR,2023-10-01T21:37:10Z,548257,5673,323,PT13M48S,https://youtube.com/watch?v=WVJKXECP4_w,False,False,False,False
31,Talladega,2024-10-03 00:00:00,IXhqq7q0gyY,NASCAR Cup Series: Geico 500 Highlights | NASCAR on FOX,NASCAR on FOX,2024-04-21T23:42:42Z,373944,4421,211,PT10M9S,https://youtube.com/watch?v=IXhqq7q0gyY,False,False,False,False
32,Charlotte Roval,2024-10-10 00:00:00,Yl08L6Y0y3Y,2025 Coca-Cola 600 | NASCAR Official Extended Highlights,NASCAR,2025-05-26T03:36:47Z,460036,5588,360,PT15M41S,https://youtube.com/watch?v=Yl08L6Y0y3Y,False,False,False,False
32,Charlotte Roval,2024-10-10 00:00:00,VRL88j0Vn6E,NASCAR Cup Series EXTENDED HIGHLIGHTS: Bank of America ROVAL | 10/13/24 | Motorsports on NBC,Motorsports on NBC,2024-10-13T23:03:41Z,229420,3315,200,PT19M59S,https://youtube.com/watch?v=VRL88j0Vn6E,False,False,False,False
32,Charlotte Roval,2024-10-10 00:00:00,CxILUIxCJRc,Elimination Race Gets Heated | 2025 NASCAR Xfinity Series at the Charlotte Roval,NASCAR,2025-10-05T00:09:11Z,216788,2999,136,PT13M37S,https://youtube.com/watch?v=CxILUIxCJRc,False,False,False,False
32,Charlotte Roval,2024-10-10 00:00:00,PNeBcyP3Xws,Shane van Gisbergen Outduels Kyle Larson for Charlotte Roval Win | 2025 NASCAR Cup Series,NASCAR,2025-10-05T23:12:32Z,213609,1586,183,PT4M59S,https://youtube.com/watch?v=PNeBcyP3Xws,False,False,False,False
32,Charlotte Roval,2024-10-10 00:00:00,lcaWSHLxkHk,Road-Course Chaos and Playoff Drama | 2025 NASCAR Extended Highlights from the Charlotte Roval,NASCAR,2025-10-03T22:45:41Z,189988,2379,122,PT11M39S,https://youtube.com/watch?v=lcaWSHLxkHk,False,False,False,False
32,Charlotte Roval,2024-10-10 00:00:00,e6Zk1LzeHHs,NASCAR Cup Series EXTENDED HIGHLIGHTS: Bank of America ROVAL 400 | 10/8/23 | Motorsports on NBC,Motorsports on NBC,2023-10-08T23:27:56Z,164872,2115,221,PT18M36S,https://youtube.com/watch?v=e6Zk1LzeHHs,False,False,False,False
32,Charlotte Roval,2024-10-10 00:00:00,o3WOszRHc8Y,NASCAR Official Extended Highlights | Playoff eliminations decided in overtime at the Roval,NASCAR,2024-10-12T23:04:05Z,144211,1808,226,PT18M14S,https://youtube.com/watch?v=o3WOszRHc8Y,False,False,False,False
32,Charlotte Roval,2024-10-10 00:00:00,epfjEEqSAiE,Xfinity Series at Charlotte Motor Speedway | NASCAR Official Extended Highlights,NASCAR,2025-05-25T01:49:42Z,132435,1490,48,PT13M50S,https://youtube.com/watch?v=epfjEEqSAiE,False,False,False,False
32,Charlotte Roval,2024-10-10 00:00:00,TCgHdnrozrI,NASCAR Official Extended Highlights: Playoff pressure peaks at the Charlotte Roval,NASCAR,2024-10-13T22:01:24Z,121011,1632,165,PT15M8S,https://youtube.com/watch?v=TCgHdnrozrI,False,False,False,False
32,Charlotte Roval,2024-10-10 00:00:00,92_BhnZalwk,NASCAR Official Extended Highlights | 2024 Coca-Cola 600 from Charlotte Motor Speedway,NASCAR,2024-05-27T03:54:55Z,119014,1322,145,PT16M41S,https://youtube.com/watch?v=92_BhnZalwk,False,False,False,False
33,Las Vegas,2024-10-18 00:00:00,uQc-pW3QLuI,Race Highlights | 2025 Las Vegas Grand Prix,FORMULA 1,2025-11-23T06:18:34Z,7995899,133654,5187,PT8M4S,https://youtube.com/watch?v=uQc-pW3QLuI,False,False,False,False
33,Las Vegas,2024-10-18 00:00:00,1tAwfD0PTsY,20 Times Pit Stops Went Wrong!,FORMULA 1,2024-07-12T16:00:02Z,7714806,58353,1247,PT11M50S,https://youtube.com/watch?v=1tAwfD0PTsY,False,False,False,False
33,Las Vegas,2024-10-18 00:00:00,hTqxfkWRimk,Race Highlights | 2025 Mexico City Grand Prix,FORMULA 1,2025-10-26T22:39:45Z,6375928,113923,6159,PT8M16S,https://youtube.com/watch?v=hTqxfkWRimk,False,False,False,False
33,Las Vegas,2024-10-18 00:00:00,CdKwc1bC44c,Race Highlights | 2025 United States Grand Prix,FORMULA 1,2025-10-19T21:34:35Z,5835422,110445,3686,PT8M27S,https://youtube.com/watch?v=CdKwc1bC44c,False,False,False,False
33,Las Vegas,2024-10-18 00:00:00,gC88zq9Y4gQ,Qualifying Highlights | 2025 Las Vegas Grand Prix,FORMULA 1,2025-11-22T05:46:45Z,4651363,83981,3256,PT7M37S,https://youtube.com/watch?v=gC88zq9Y4gQ,False,False,False,False
33,Las Vegas,2024-10-18 00:00:00,5IOU_Y0gx8s,When Max Verstappen Goes Mad Max for 9 Insane Minutes,BurnoutBios™,2024-10-08T09:00:04Z,4419147,61651,1910,PT9M29S,https://youtube.com/watch?v=5IOU_Y0gx8s,False,False,False,False
33,Las Vegas,2024-10-18 00:00:00,kqSa6teNT1Q,2024 Daytona 500 Highlights | NASCAR on FOX,NASCAR on FOX,2024-02-20T01:46:52Z,2452879,28337,1689,PT10M12S,https://youtube.com/watch?v=kqSa6teNT1Q,False,False,False,False
33,Las Vegas,2024-10-18 00:00:00,hCVutjMueJg,Random NASCAR Moments #4,Jake Baskinger,2022-04-29T23:00:27Z,2382701,15874,231,PT11M19S,https://youtube.com/watch?v=hCVutjMueJg,False,False,False,False
33,Las Vegas,2024-10-18 00:00:00,C_1tdKW9bJo,Kyle Larson and Bubba Wallace FIGHT after wreck at Las Vegas | NASCAR ON FOX HIGHLIGHTS,NASCAR on FOX,2022-10-16T22:09:52Z,1060194,5800,4915,PT4M22S,https://youtube.com/watch?v=C_1tdKW9bJo,False,False,True,False
33,Las Vegas,2024-10-18 00:00:00,G6545a3fY1w,NASCAR Music Video - Life is a Highway,JustAndEE,2020-02-01T18:04:07Z,986883,12182,523,PT4M43S,https://youtube.com/watch?v=G6545a3fY1w,False,False,False,False
34,Homestead,2024-10-25 00:00:00,LN7ZzmgUyTY,"Worst crashes from the 2024 NASCAR Cup, Xfinity, and Truck Series season | Motorsports on NBC",Motorsports on NBC,2024-12-05T21:43:39Z,385383,3505,151,PT16M57S,https://youtube.com/watch?v=LN7ZzmgUyTY,False,False,False,False
34,Homestead,2024-10-25 00:00:00,DogirCSqmaQ,NASCAR Cup Series EXTENDED HIGHLIGHTS: Straight Talk Wireless 400 | 10/20/24 | Motorsports on NBC,Motorsports on NBC,2024-10-27T23:01:57Z,179741,3320,251,PT17M40S,https://youtube.com/watch?v=DogirCSqmaQ,False,False,False,False
34,Homestead,2024-10-25 00:00:00,3Jdk2Cn9F3U,Cup Series at Homestead-Miami Speedway | NASCAR Official Extended Highlights,NASCAR,2025-03-23T23:18:18Z,106955,1713,89,PT14M45S,https://youtube.com/watch?v=3Jdk2Cn9F3U,False,False,False,False
34,Homestead,2024-10-25 00:00:00,wFG5DoX0CAU,Craftsman Truck Series at Homestead-Miami Speedway | NASCAR Official Extended Highlights,NASCAR,2025-03-22T02:28:27Z,98565,1547,80,PT12M25S,https://youtube.com/watch?v=wFG5DoX0CAU,False,False,False,False
34,Homestead,2024-10-25 00:00:00,eHVaouxE1FU,NASCAR Cup Series 2025: Phoenix championship race | EXTENDED HIGHLIGHTS | Motorsports on NBC,Motorsports on NBC,2025-11-03T01:45:31Z,91867,1815,264,PT15M11S,https://youtube.com/watch?v=eHVaouxE1FU,False,False,False,False
34,Homestead,2024-10-25 00:00:00,Ik1BogTZZvQ,"NASCAR Official Extended Highlights | Elation, devastation at Homestead-Miami Speedway",NASCAR,2024-10-27T22:56:30Z,90099,1510,122,PT11M31S,https://youtube.com/watch?v=Ik1BogTZZvQ,False,False,False,False
34,Homestead,2024-10-25 00:00:00,69hhsVPyJi8,NASCAR Official Extended Highlights: Xfinity Series at Homestead-Miami Speedway,NASCAR,2024-10-27T00:05:35Z,84055,1361,55,PT11M20S,https://youtube.com/watch?v=69hhsVPyJi8,False,False,False,False
34,Homestead,2024-10-25 00:00:00,rwh-oYvZDG8,NASCAR Truck Series EXTENDED HIGHLIGHTS: Baptist Health 200 | 10/26/24 | Motorsports on NBC,Motorsports on NBC,2024-10-26T20:25:14Z,64739,1177,37,PT14M50S,https://youtube.com/watch?v=rwh-oYvZDG8,False,False,False,False
34,Homestead,2024-10-25 00:00:00,mZR3jJJ8r98,"NASCAR Truck Series EXTENDED HIGHLIGHTS: Zip Buy Now, Pay Later 200 | 11/1/24 | Motorsports on NBC",Motorsports on NBC,2024-11-02T02:55:17Z,44054,922,94,PT14M11S,https://youtube.com/watch?v=mZR3jJJ8r98,False,False,False,False
34,Homestead,2024-10-25 00:00:00,6sFjgpdytII,NASCAR Xfinity Series HLs: Credit One NASCAR Amex Credit Card 300 qualifying | Motorsports on NBC,Motorsports on NBC,2024-10-25T22:58:55Z,36508,481,22,PT9M2S,https://youtube.com/watch?v=6sFjgpdytII,False,False,False,False
35,Martinsville,2024-11-02 00:00:00,mdbb-phc7js,NASCAR Cup Series at Bristol Dirt | NASCAR ON FOX HIGHLIGHTS,NASCAR on FOX,2022-04-18T04:23:10Z,449369,5831,713,PT16M16S,https://youtube.com/watch?v=mdbb-phc7js,False,False,False,False
35,Martinsville,2024-11-02 00:00:00,23DvQ9oTvQQ,Championship 4 Set by Overtime Tiebreaker at Martinsville | 2025 Truck Series Extended Highlights,NASCAR,2025-10-25T00:53:28Z,228928,2867,275,PT16M47S,https://youtube.com/watch?v=23DvQ9oTvQQ,False,False,False,False
35,Martinsville,2024-11-02 00:00:00,pdJdN4woYfg,NASCAR Official Extended Highlights: Controversial Martinsville finish sets the Champ 4 field,NASCAR,2024-11-03T23:21:24Z,196279,2389,565,PT16M2S,https://youtube.com/watch?v=pdJdN4woYfg,False,False,False,False
35,Martinsville,2024-11-02 00:00:00,5DIqORrTtyc,"Radioactive: Martinsville - &quot;That was (expletive) ridiculous, dude!&quot; | NASCAR ON FOX",NASCAR on FOX,2022-11-02T23:42:47Z,192776,4398,297,PT7M10S,https://youtube.com/watch?v=5DIqORrTtyc,False,False,False,False
35,Martinsville,2024-11-02 00:00:00,hdVA9F-WFkg,Xfinity Series at Martinsville Speedway | NASCAR Official Extended Highlights,NASCAR,2025-03-30T00:34:50Z,186226,2067,229,PT16M1S,https://youtube.com/watch?v=hdVA9F-WFkg,False,False,False,False
35,Martinsville,2024-11-02 00:00:00,C7x8sOMkyL8,Cook Out 400 at Martinsville Speedway | NASCAR Official Extended Highlights,NASCAR,2025-03-30T23:04:06Z,157221,2134,89,PT16M36S,https://youtube.com/watch?v=C7x8sOMkyL8,False,False,False,False
35,Martinsville,2024-11-02 00:00:00,MsBqBhGhaPA,NASCAR Cup Series at Martinsville Speedway | NASCAR ON FOX HIGHLIGHTS,NASCAR on FOX,2022-04-10T05:04:39Z,146104,1928,239,PT9M16S,https://youtube.com/watch?v=MsBqBhGhaPA,False,False,False,False
35,Martinsville,2024-11-02 00:00:00,rF144AADTWU,Playoff drivers fight to the wire for a championship berth | Extended Highlights from Martinsville,NASCAR,2023-10-29T21:51:32Z,142612,1678,132,PT12M47S,https://youtube.com/watch?v=rF144AADTWU,False,False,False,False
35,Martinsville,2024-11-02 00:00:00,ej9KTYlC7I4,NASCAR Overtime decides Martinsville | Extended Highlights | NASCAR Cup Series,NASCAR,2024-04-07T22:29:01Z,121017,1265,158,PT11M46S,https://youtube.com/watch?v=ej9KTYlC7I4,False,False,False,False
35,Martinsville,2024-11-02 00:00:00,HrQ-TAexyG0,NASCAR Cup Series 2025: Martinsville playoff race | EXTENDED HIGHLIGHTS | Motorsports on NBC,Motorsports on NBC,2025-10-26T23:02:16Z,109222,1856,128,PT15M5S,https://youtube.com/watch?v=HrQ-TAexyG0,False,False,False,False
36,Phoenix,2024-11-10 00:00:00,bATfFSmV_Lk,Race Highlights | 2026 INDYCAR at Phoenix,NTT INDYCAR SERIES,2026-03-07T22:48:31Z,304184,4919,422,PT9M36S,https://youtube.com/watch?v=bATfFSmV_Lk,False,False,False,False
36,Phoenix,2024-11-10 00:00:00,I3PzPW7bYcE,Go Bowling! PBA NASCAR Invitational at Phoenix Raceway Highlights | PBA on FOX,FOX Sports,2023-03-12T22:55:56Z,244363,1253,111,PT18M33S,https://youtube.com/watch?v=I3PzPW7bYcE,False,False,False,False
36,Phoenix,2024-11-10 00:00:00,pdJdN4woYfg,NASCAR Official Extended Highlights: Controversial Martinsville finish sets the Champ 4 field,NASCAR,2024-11-03T23:21:24Z,196279,2389,565,PT16M2S,https://youtube.com/watch?v=pdJdN4woYfg,False,False,False,False
36,Phoenix,2024-11-10 00:00:00,P3vUj_OERyQ,An Unbelievable End to the 2025 NASCAR Cup Series Season | Final Laps at Phoenix,NASCAR,2025-11-03T00:22:30Z,192967,1894,582,PT6M27S,https://youtube.com/watch?v=P3vUj_OERyQ,False,False,False,False
36,Phoenix,2024-11-10 00:00:00,rPWCAdympU0,NASCAR Official Extended Highlights: Double overtime decides the 2024 Xfinity Series Championship,NASCAR,2024-11-10T03:39:04Z,163061,2619,140,PT13M7S,https://youtube.com/watch?v=rPWCAdympU0,False,False,False,False
36,Phoenix,2024-11-10 00:00:00,G_JSj6Z7xV8,NASCAR Overtime ends in last-lap contact at Phoenix | NASCAR Official Extended Highlights,NASCAR,2025-03-09T01:09:54Z,158156,1670,120,PT13M59S,https://youtube.com/watch?v=G_JSj6Z7xV8,False,False,False,False
36,Phoenix,2024-11-10 00:00:00,RnaLPRUsj5k,NASCAR O&#39;Reilly Auto Parts Series Highlights | 2026 Phoenix Raceway,NASCAR,2026-03-08T03:18:49Z,155317,2327,127,PT16M58S,https://youtube.com/watch?v=RnaLPRUsj5k,False,False,False,False
36,Phoenix,2024-11-10 00:00:00,IHq6qcte6aA,NASCAR Official Extended Highlights: NASCAR Cup Series Champion crowned at Phoenix Raceway,NASCAR,2024-11-11T00:04:33Z,150995,2128,329,PT16M7S,https://youtube.com/watch?v=IHq6qcte6aA,False,False,False,False
36,Phoenix,2024-11-10 00:00:00,ivCtZT8tlFk,Phoenix decided in last-lap battle: NASCAR Official Extended Highlights | NASCAR Cup Series,NASCAR,2025-03-09T23:55:03Z,149584,2028,156,PT15M49S,https://youtube.com/watch?v=ivCtZT8tlFk,False,False,False,False
36,Phoenix,2024-11-10 00:00:00,PaIBWnZrTbo,NASCAR Cup Series: United Rentals Work United 500 at Phoenix Highlights | NASCAR on FOX,NASCAR on FOX,2023-03-12T23:49:08Z,127616,2026,275,PT11M5S,https://youtube.com/watch?v=PaIBWnZrTbo,False,False,False,False
